2021-05-27T18:41:45.083,Cambrian,Info,0001,4.550000e+02,3.180000e+02,7.661593e+01
2021-05-27T18:45:30.053,Cambrian,Info,0002,2.850000e+02,2.850000e+02,0.000000e+00
2021-05-27T18:53:24.597,Cambrian,Info,0003,4.900000e+02,3.400000e+02,8.595057e+01
2021-05-27T19:06:45.137,Cambrian,Info,0004,7.400000e+02,3.760000e+02,2.034822e+02
2021-05-27T19:23:04.393,Cambrian,Info,0005,2.850000e+02,2.850000e+02,0.000000e+00
2021-05-27T19:40:35.770,Cambrian,Info,0006,5.500000e+02,3.400000e+02,1.182688e+02
2021-05-27T19:58:09.780,Cambrian,Info,0007,5.500000e+02,3.820000e+02,1.305086e+02
2021-05-27T20:14:41,Cambrian,Info,0008,5.500000e+02,2.960000e+02,1.807415e+02
2021-05-27T20:30:38.482,Cambrian,Info,0009,5.500000e+02,2.710000e+02,2.628783e+02
2021-05-27T20:43:53.289,Cambrian,Info,0010,6.300000e+02,3.640000e+02,1.518799e+02
2021-05-27T20:52:06.272,Cambrian,Info,0011,4.950000e+02,3.380000e+02,9.378166e+01
2021-05-27T21:05:24.061,Cambrian,Info,0012,6.200000e+02,3.320000e+02,1.675037e+02
2021-05-27T21:17:52.591,Cambrian,Info,0013,3.200000e+02,2.990000e+02,2.073644e+01
2021-05-27T21:32:37.086,Cambrian,Info,0014,3.200000e+02,2.860000e+02,2.043282e+01
2021-05-27T21:43:37.347,Cambrian,Info,0015,5.150000e+02,3.230000e+02,1.087198e+02
2021-05-27T21:57:20.926,Cambrian,Info,0016,4.150000e+02,3.580000e+02,4.590752e+01
2021-05-27T22:04:54.324,Cambrian,Info,0017,5.750000e+02,3.230000e+02,1.487700e+02
2021-05-27T22:17:12.833,Cambrian,Info,0018,4.400000e+02,2.470000e+02,1.445510e+02
2021-05-27T22:33:05.469,Cambrian,Info,0019,7.200000e+02,4.180000e+02,2.040098e+02
2021-05-27T22:48:51.661,Cambrian,Info,0020,4.250000e+02,2.870000e+02,1.131702e+02
2021-05-27T23:03:57.556,Cambrian,Info,0021,3.350000e+02,2.710000e+02,4.519403e+01
2021-05-27T23:16:35.822,Cambrian,Info,0022,4.300000e+02,1.910000e+02,1.764370e+02
2021-05-27T23:29:29.382,Cambrian,Info,0023,3.150000e+02,2.910000e+02,1.341641e+01
2021-05-27T23:41:41.084,Cambrian,Info,0024,4.400000e+02,2.710000e+02,1.134350e+02
2021-05-27T23:52:43.659,Cambrian,Info,0025,3.900000e+02,3.180000e+02,4.790616e+01
2021-05-28T00:00:27.532,Cambrian,Info,0026,3.850000e+02,3.230000e+02,4.367494e+01
2021-05-28T00:08:49.771,Cambrian,Info,0027,5.050000e+02,2.580000e+02,1.819203e+02
2021-05-28T00:18:12.459,Cambrian,Info,0028,6.300000e+02,3.970000e+02,1.674664e+02
2021-05-28T00:28:33.529,Cambrian,Info,0029,8.550000e+02,4.490000e+02,2.516794e+02
2021-05-28T00:41:06.442,Cambrian,Info,0030,5.350000e+02,3.640000e+02,1.034650e+02
2021-05-28T00:49:06.910,Cambrian,Info,0031,4.600000e+02,3.520000e+02,8.220401e+01
2021-05-28T01:04:04.205,Cambrian,Info,0032,3.650000e+02,2.710000e+02,6.455618e+01
2021-05-28T01:13:45.120,Cambrian,Info,0033,4.300000e+02,2.870000e+02,8.678998e+01
2021-05-28T01:24:02.074,Cambrian,Info,0034,6.750000e+02,4.640000e+02,1.423201e+02
2021-05-28T01:54:25.888,Cambrian,Info,0035,4.500000e+02,3.350000e+02,7.219765e+01
2021-05-28T02:07:56.427,Cambrian,Info,0036,2.850000e+02,2.170000e+02,7.111610e+01
2021-05-28T02:18:12.105,Cambrian,Info,0037,2.850000e+02,2.670000e+02,3.251923e+01
2021-05-28T02:26:29.350,Cambrian,Info,0038,2.850000e+02,2.020000e+02,1.261745e+02
2021-05-28T02:35:13.839,Cambrian,Info,0039,5.550000e+02,3.640000e+02,1.477498e+02
2021-05-28T02:42:35.482,Cambrian,Info,0040,3.050000e+02,1.990000e+02,1.297787e+02
2021-05-28T02:50:40.751,Cambrian,Info,0041,3.000000e+02,2.900000e+02,7.071068e+00
2021-05-28T02:58:29.991,Cambrian,Info,0042,5.450000e+02,3.210000e+02,1.267576e+02
2021-05-28T03:08:24.733,Cambrian,Info,0043,3.100000e+02,2.630000e+02,3.492850e+01
2021-05-28T03:15:58.468,Cambrian,Info,0044,2.850000e+02,2.620000e+02,3.193744e+01
2021-05-28T03:21:02.239,Cambrian,Info,0045,2.850000e+02,2.850000e+02,0.000000e+00
2021-05-28T03:26:57.620,Cambrian,Info,0046,5.400000e+02,3.780000e+02,1.346570e+02
2021-05-28T03:31:48.175,Cambrian,Info,0047,4.100000e+02,2.790000e+02,1.204367e+02
2021-05-28T03:36:58.594,Cambrian,Info,0048,4.600000e+02,4.030000e+02,4.147288e+01
2021-05-28T03:42:35.235,Cambrian,Info,0049,2.700000e+02,1.960000e+02,8.727829e+01
2021-05-28T03:48:25.364,Cambrian,Info,0050,4.600000e+02,3.000000e+02,9.572095e+01
2021-05-28T03:54:37.855,Cambrian,Info,0051,4.950000e+02,2.220000e+02,1.753782e+02
2021-05-28T04:01:53.427,Cambrian,Info,0052,5.250000e+02,3.520000e+02,1.642635e+02
2021-05-28T04:09:12.149,Cambrian,Info,0053,5.700000e+02,3.760000e+02,2.066216e+02
2021-05-28T04:16:08.035,Cambrian,Info,0054,5.600000e+02,2.670000e+02,2.424252e+02
2021-05-28T04:26:21.905,Cambrian,Info,0055,4.450000e+02,3.390000e+02,1.272498e+02
2021-05-28T04:35:33.989,Cambrian,Info,0056,3.200000e+02,2.930000e+02,1.524795e+01
2021-05-28T04:42:37.648,Cambrian,Info,0057,6.700000e+02,3.380000e+02,1.906764e+02
2021-05-28T04:49:24.026,Cambrian,Info,0058,5.200000e+02,2.930000e+02,1.447239e+02
2021-05-28T04:53:33.102,Cambrian,Info,0059,6.600000e+02,3.650000e+02,1.699632e+02
2021-05-28T05:00:09.346,Cambrian,Info,0060,3.750000e+02,2.460000e+02,1.429336e+02
2021-05-28T05:10:25.465,Cambrian,Info,0061,4.450000e+02,2.610000e+02,1.612219e+02
2021-05-28T05:15:51.298,Cambrian,Info,0062,3.800000e+02,2.760000e+02,1.054988e+02
2021-05-28T05:23:19.320,Cambrian,Info,0063,3.350000e+02,2.690000e+02,5.091660e+01
2021-05-28T05:30:30.144,Cambrian,Info,0064,3.800000e+02,1.950000e+02,1.496663e+02
2021-05-28T05:39:42.746,Cambrian,Info,0065,2.850000e+02,2.410000e+02,7.676262e+01
2021-05-28T05:47:08.392,Cambrian,Info,0066,2.850000e+02,2.730000e+02,6.708204e+00
2021-05-28T06:02:46.939,Cambrian,Info,0067,6.050000e+02,3.490000e+02,1.431084e+02
2021-05-28T06:17:41.154,Cambrian,Info,0068,6.050000e+02,3.410000e+02,1.485934e+02
2021-05-28T06:29:40.797,Cambrian,Info,0069,6.050000e+02,3.550000e+02,1.497080e+02
2021-05-28T06:43:49.608,Cambrian,Info,0070,6.050000e+02,3.580000e+02,1.394453e+02
2021-05-28T06:58:42.581,Cambrian,Info,0071,6.250000e+02,4.840000e+02,1.885935e+02
2021-05-28T07:15:51.651,Cambrian,Info,0072,2.850000e+02,2.000000e+02,1.172071e+02
2021-05-28T07:48:25.490,Cambrian,Info,0073,3.900000e+02,1.930000e+02,1.810939e+02
2021-05-28T08:36:27.585,Cambrian,Info,0074,4.400000e+02,3.040000e+02,9.806885e+01
2021-05-28T09:07:17.652,Cambrian,Info,0075,4.700000e+02,2.630000e+02,1.586112e+02
2021-05-28T09:40:32.143,Cambrian,Info,0076,5.650000e+02,3.450000e+02,1.232883e+02
2021-05-28T09:45:37.654,Cambrian,Info,0077,4.800000e+02,3.390000e+02,1.152389e+02
2021-05-28T09:57:31.289,Cambrian,Info,0078,5.600000e+02,3.380000e+02,1.741623e+02
2021-05-28T10:11:49.867,Cambrian,Info,0079,2.850000e+02,2.050000e+02,1.183744e+02
2021-05-28T10:21:03.506,Cambrian,Info,0080,2.850000e+02,2.590000e+02,4.546977e+01
2021-05-28T10:37:44.841,Cambrian,Info,0081,3.400000e+02,2.790000e+02,5.017469e+01
2021-05-28T10:51:11.873,Cambrian,Info,0082,3.900000e+02,3.260000e+02,5.188931e+01
2021-05-28T11:02:36.482,Cambrian,Info,0083,4.100000e+02,3.100000e+02,5.590170e+01
2021-05-28T11:15:31.339,Cambrian,Info,0084,2.850000e+02,2.850000e+02,0.000000e+00
2021-05-28T11:29:24.367,Cambrian,Info,0085,3.100000e+02,2.940000e+02,1.024695e+01
2021-05-28T11:41:23.358,Cambrian,Info,0086,3.100000e+02,3.000000e+02,1.369306e+01
2021-05-28T11:43:53.192,Cambrian,Info,0087,3.100000e+02,2.790000e+02,5.639149e+01
2021-05-28T11:46:19.112,Cambrian,Info,0088,3.150000e+02,3.030000e+02,1.254990e+01
2021-05-28T11:47:47.089,Cambrian,Info,0089,5.450000e+02,4.020000e+02,1.181419e+02
2021-05-28T11:49:11.990,Cambrian,Info,0090,4.150000e+02,2.720000e+02,1.162755e+02
2021-05-28T11:51:07.861,Cambrian,Info,0091,6.700000e+02,4.160000e+02,1.557803e+02
2021-05-28T11:53:44.342,Cambrian,Info,0092,4.450000e+02,2.980000e+02,9.569483e+01
2021-05-28T11:56:33.520,Cambrian,Info,0093,2.850000e+02,2.210000e+02,1.244689e+02
2021-05-28T11:58:53.620,Cambrian,Info,0094,2.850000e+02,2.070000e+02,1.243282e+02
2021-05-28T12:01:04.762,Cambrian,Info,0095,2.850000e+02,1.780000e+02,1.470374e+02
2021-05-28T12:04:20.378,Cambrian,Info,0096,4.600000e+02,3.430000e+02,9.223611e+01
2021-05-28T12:08:15.488,Cambrian,Info,0097,3.750000e+02,3.130000e+02,3.684427e+01
2021-05-28T12:12:00.923,Cambrian,Info,0098,4.350000e+02,2.180000e+02,1.620417e+02
2021-05-28T12:14:30.676,Cambrian,Info,0099,3.150000e+02,2.840000e+02,1.850676e+01
2021-05-28T12:16:54.002,Cambrian,Info,0100,2.900000e+02,2.760000e+02,1.474788e+01
2021-05-28T12:19:03.033,Cambrian,Info,0101,4.100000e+02,2.770000e+02,1.599844e+02
2021-05-28T12:22:05.925,Cambrian,Info,0102,4.100000e+02,3.050000e+02,7.399324e+01
2021-05-28T12:25:51.385,Cambrian,Info,0103,4.400000e+02,3.720000e+02,6.534524e+01
2021-05-28T12:28:59.133,Cambrian,Info,0104,4.400000e+02,2.380000e+02,2.155400e+02
2021-05-28T12:32:31.035,Cambrian,Info,0105,4.600000e+02,3.710000e+02,8.317151e+01
2021-05-28T12:36:17.540,Cambrian,Info,0106,2.850000e+02,2.560000e+02,6.484597e+01
2021-05-28T12:41:50.620,Cambrian,Info,0107,2.850000e+02,1.240000e+02,1.408634e+02
2021-05-28T12:49:35.783,Cambrian,Info,0108,2.850000e+02,2.280000e+02,1.274559e+02
2021-05-28T13:01:14.380,Cambrian,Info,0109,5.150000e+02,3.310000e+02,1.028591e+02
2021-05-28T13:08:33.055,Cambrian,Info,0110,5.500000e+02,3.650000e+02,1.548790e+02
2021-05-28T13:17:16.792,Cambrian,Info,0111,5.850000e+02,3.880000e+02,1.500667e+02
2021-05-28T13:28:17.782,Cambrian,Info,0112,5.850000e+02,3.480000e+02,2.456522e+02
2021-05-28T13:36:08.739,Cambrian,Info,0113,2.850000e+02,2.640000e+02,4.695743e+01
2021-05-28T13:43:25.158,Cambrian,Info,0114,2.850000e+02,2.820000e+02,6.708204e+00
2021-05-28T13:47:47.456,Cambrian,Info,0115,2.850000e+02,2.820000e+02,6.708204e+00
2021-05-28T13:53:18.318,Cambrian,Info,0116,2.850000e+02,2.220000e+02,7.379024e+01
2021-05-28T13:59:54.743,Cambrian,Info,0117,2.850000e+02,2.280000e+02,1.274559e+02
2021-05-28T14:07:23.637,Cambrian,Info,0118,2.850000e+02,2.850000e+02,0.000000e+00
2021-05-28T14:10:51.979,Cambrian,Info,0119,2.700000e+02,1.950000e+02,1.181101e+02
2021-05-28T14:15:37.264,Cambrian,Info,0120,8.900000e+02,4.730000e+02,2.792982e+02
2021-05-28T14:20:55.639,Cambrian,Info,0121,2.850000e+02,2.040000e+02,1.221372e+02
2021-05-28T14:23:53.733,Cambrian,Info,0122,2.850000e+02,2.080000e+02,1.240766e+02
2021-05-28T14:27:32.365,Cambrian,Info,0123,4.400000e+02,3.140000e+02,7.083431e+01
2021-05-28T14:31:54.415,Cambrian,Info,0124,3.550000e+02,2.900000e+02,4.272002e+01
2021-05-28T14:34:41.855,Cambrian,Info,0125,4.950000e+02,3.130000e+02,1.600234e+02
2021-05-28T14:37:31.127,Cambrian,Info,0126,4.200000e+02,2.880000e+02,7.918333e+01
2021-05-28T14:40:43.521,Cambrian,Info,0127,5.850000e+02,3.600000e+02,1.445251e+02
2021-05-28T14:43:42.958,Cambrian,Info,0128,6.000000e+02,2.980000e+02,2.031502e+02
2021-05-28T14:51:02.189,Cambrian,Info,0129,2.850000e+02,2.530000e+02,5.032395e+01
2021-05-28T14:55:01.627,Cambrian,Info,0130,5.450000e+02,3.160000e+02,1.358492e+02
2021-05-28T15:00:04.185,Cambrian,Info,0131,3.400000e+02,2.390000e+02,1.357111e+02
2021-05-28T15:04:40.075,Cambrian,Info,0132,5.250000e+02,1.670000e+02,2.333613e+02
2021-05-28T15:11:44.778,Cambrian,Info,0133,2.850000e+02,2.130000e+02,1.205508e+02
2021-05-28T15:19:50.912,Cambrian,Info,0134,2.850000e+02,2.820000e+02,6.708204e+00
2021-05-28T15:31:01.416,Cambrian,Info,0135,5.500000e+02,3.130000e+02,2.100774e+02
2021-05-28T15:39:35.727,Cambrian,Info,0136,5.500000e+02,3.700000e+02,1.329003e+02
2021-05-28T15:53:06.144,Cambrian,Info,0137,6.950000e+02,4.230000e+02,2.627879e+02
2021-05-28T16:03:28.520,Cambrian,Info,0138,5.600000e+02,3.600000e+02,1.536636e+02
2021-05-28T16:12:36.138,Cambrian,Info,0139,5.350000e+02,2.880000e+02,1.924383e+02
2021-05-28T16:20:36.396,Cambrian,Info,0140,4.950000e+02,3.330000e+02,1.527498e+02
2021-05-28T16:31:57.108,Cambrian,Info,0141,5.600000e+02,3.750000e+02,1.194257e+02
2021-05-28T16:41:19.037,Cambrian,Info,0142,5.600000e+02,3.100000e+02,1.541104e+02
2021-05-28T16:50:21.271,Cambrian,Info,0143,5.350000e+02,3.090000e+02,1.321647e+02
2021-05-28T17:01:16.559,Cambrian,Info,0144,4.900000e+02,2.790000e+02,1.395260e+02
2021-05-28T17:11:27.103,Cambrian,Info,0145,5.850000e+02,4.790000e+02,1.154556e+02
2021-05-28T17:20:46.081,Cambrian,Info,0146,5.800000e+02,4.670000e+02,1.223009e+02
2021-05-28T17:32:15.752,Cambrian,Info,0147,4.200000e+02,2.960000e+02,7.083431e+01
2021-05-28T17:41:04.437,Cambrian,Info,0148,6.700000e+02,3.380000e+02,2.403799e+02
2021-05-28T17:49:38.008,Cambrian,Info,0149,6.400000e+02,3.610000e+02,2.345048e+02
2021-05-28T18:00:52.629,Cambrian,Info,0150,4.200000e+02,2.680000e+02,1.792205e+02
2021-05-28T18:19:30.148,Cambrian,Info,0151,4.200000e+02,2.770000e+02,1.121717e+02
2021-05-28T18:37:20.977,Cambrian,Info,0152,4.200000e+02,2.840000e+02,9.958665e+01
2021-05-28T18:49:32.372,Cambrian,Info,0153,4.200000e+02,2.930000e+02,8.821848e+01
2021-05-28T19:02:45.781,Cambrian,Info,0154,6.350000e+02,3.410000e+02,1.658840e+02
2021-05-28T19:16:53.612,Cambrian,Info,0155,6.000000e+02,3.810000e+02,2.282378e+02
2021-05-28T19:25:42.861,Cambrian,Info,0156,4.400000e+02,3.160000e+02,8.670352e+01
2021-05-28T19:40:24.758,Cambrian,Info,0157,4.400000e+02,2.640000e+02,1.809489e+02
2021-05-28T19:51:05.216,Cambrian,Info,0158,4.400000e+02,3.110000e+02,7.292119e+01
2021-05-28T20:01:50.459,Cambrian,Info,0159,4.600000e+02,3.500000e+02,9.158330e+01
2021-05-28T20:17:14.473,Cambrian,Info,0160,6.300000e+02,4.270000e+02,1.316055e+02
2021-05-28T20:37:04.769,Cambrian,Info,0161,9.400000e+02,3.950000e+02,3.497856e+02
2021-05-28T21:00:37.561,Cambrian,Info,0162,9.400000e+02,4.960000e+02,4.091821e+02
2021-05-28T21:14:12.779,Cambrian,Info,0163,9.400000e+02,4.160000e+02,2.929249e+02
2021-05-28T21:34:06.571,Cambrian,Info,0164,9.400000e+02,5.150000e+02,2.695598e+02
2021-05-28T21:58:54.517,Cambrian,Info,0165,9.400000e+02,5.170000e+02,3.182098e+02
2021-05-28T22:21:46.839,Cambrian,Info,0166,9.400000e+02,3.850000e+02,3.157729e+02
2021-05-28T22:41:15.042,Cambrian,Info,0167,9.400000e+02,2.960000e+02,3.710020e+02
2021-05-28T22:55:47.056,Cambrian,Info,0168,9.400000e+02,3.830000e+02,3.488839e+02
2021-05-28T23:16:20.409,Cambrian,Info,0169,9.400000e+02,3.790000e+02,3.507563e+02
2021-05-28T23:36:53.035,Cambrian,Info,0170,9.400000e+02,4.750000e+02,2.702545e+02
2021-05-28T23:54:51.444,Cambrian,Info,0171,9.400000e+02,4.370000e+02,3.090429e+02
2021-05-29T00:14:21.367,Cambrian,Info,0172,9.400000e+02,5.250000e+02,3.812480e+02
2021-05-29T00:32:14.662,Cambrian,Info,0173,9.400000e+02,3.890000e+02,3.192256e+02
2021-05-29T00:49:55.243,Cambrian,Info,0174,9.400000e+02,4.570000e+02,2.892361e+02
2021-05-29T01:10:26.355,Cambrian,Info,0175,9.400000e+02,3.690000e+02,3.364224e+02
2021-05-29T01:32:17.034,Cambrian,Info,0176,9.400000e+02,3.550000e+02,3.530404e+02
2021-05-29T01:48:55.935,Cambrian,Info,0177,9.400000e+02,5.190000e+02,3.242183e+02
2021-05-29T02:03:37.428,Cambrian,Info,0178,9.400000e+02,4.750000e+02,3.490523e+02
2021-05-29T02:23:11.853,Cambrian,Info,0179,9.400000e+02,4.080000e+02,2.980898e+02
2021-05-29T02:46:22.212,Cambrian,Info,0180,8.350000e+02,3.950000e+02,2.459675e+02
2021-05-29T03:11:26.676,Cambrian,Info,0181,9.400000e+02,4.970000e+02,4.100396e+02
2021-05-29T03:28:57.757,Cambrian,Info,0182,9.400000e+02,4.490000e+02,2.831828e+02
2021-05-29T03:45:18.218,Cambrian,Info,0183,9.400000e+02,4.290000e+02,3.353990e+02
2021-05-29T04:01:36.426,Cambrian,Info,0184,9.400000e+02,6.160000e+02,3.316889e+02
2021-05-29T04:20:01.286,Cambrian,Info,0185,9.400000e+02,4.160000e+02,2.929249e+02
2021-05-29T04:36:36.166,Cambrian,Info,0186,9.400000e+02,3.810000e+02,3.272117e+02
2021-05-29T04:49:00.520,Cambrian,Info,0187,9.400000e+02,4.820000e+02,2.975861e+02
2021-05-29T05:08:55.035,Cambrian,Info,0188,9.400000e+02,3.220000e+02,3.535993e+02
2021-05-29T05:19:05.648,Cambrian,Info,0189,1.025000e+03,4.220000e+02,3.372054e+02
2021-05-29T05:38:16.663,Cambrian,Info,0190,7.200000e+02,3.330000e+02,2.295811e+02
2021-05-29T05:49:16.489,Cambrian,Info,0191,7.600000e+02,3.830000e+02,2.108495e+02
2021-05-29T06:01:56.807,Cambrian,Info,0192,7.600000e+02,4.280000e+02,2.266495e+02
2021-05-29T06:14:51.631,Cambrian,Info,0193,7.600000e+02,3.380000e+02,2.639271e+02
2021-05-29T06:29:13.078,Cambrian,Info,0194,7.600000e+02,4.020000e+02,2.045299e+02
2021-05-29T06:41:31.929,Cambrian,Info,0195,7.600000e+02,4.500000e+02,1.959273e+02
2021-05-29T06:53:29.522,Cambrian,Info,0196,7.600000e+02,3.540000e+02,2.525718e+02
2021-05-29T07:16:05.711,Cambrian,Info,0197,7.600000e+02,4.470000e+02,2.127381e+02
2021-05-29T07:31:44.821,Cambrian,Info,0198,7.600000e+02,4.450000e+02,3.312476e+02
2021-05-29T07:41:39.807,Cambrian,Info,0199,7.350000e+02,2.760000e+02,2.917490e+02
2021-05-29T07:54:33.329,Cambrian,Info,0200,7.600000e+02,2.660000e+02,3.107531e+02
2021-05-29T08:10:43.143,Cambrian,Info,0201,7.600000e+02,3.650000e+02,2.600721e+02
2021-05-29T08:23:44.611,Cambrian,Info,0202,7.600000e+02,3.200000e+02,2.684446e+02
2021-05-29T08:40:09.771,Cambrian,Info,0203,7.600000e+02,3.710000e+02,2.175546e+02
2021-05-29T08:50:01.705,Cambrian,Info,0204,7.600000e+02,4.600000e+02,2.755676e+02
2021-05-29T09:05:35.651,Cambrian,Info,0205,4.750000e+02,2.940000e+02,1.074942e+02
2021-05-29T09:23:07.512,Cambrian,Info,0206,7.600000e+02,4.620000e+02,2.777049e+02
2021-05-29T09:37:14.506,Cambrian,Info,0207,7.650000e+02,4.730000e+02,2.643530e+02
2021-05-29T10:01:45.826,Cambrian,Info,0208,7.650000e+02,5.030000e+02,2.449898e+02
2021-05-29T10:22:27.967,Cambrian,Info,0209,6.050000e+02,4.050000e+02,1.649242e+02
2021-05-29T10:42:18.394,Cambrian,Info,0210,6.200000e+02,3.700000e+02,1.447411e+02
2021-05-29T10:57:48.006,Cambrian,Info,0211,4.750000e+02,3.080000e+02,9.884331e+01
2021-05-29T11:22:33.594,Cambrian,Info,0212,5.450000e+02,2.490000e+02,1.978446e+02
2021-05-29T11:38:51.198,Cambrian,Info,0213,7.300000e+02,3.530000e+02,2.373184e+02
2021-05-29T12:00:03.404,Cambrian,Info,0214,8.000000e+02,4.820000e+02,2.524530e+02
2021-05-29T12:19:23.028,Cambrian,Info,0215,7.750000e+02,4.290000e+02,2.117014e+02
2021-05-29T12:35:06.531,Cambrian,Info,0216,4.950000e+02,3.270000e+02,9.391486e+01
2021-05-29T13:24:59.641,Cambrian,Info,0217,5.400000e+02,3.790000e+02,1.126055e+02
2021-05-29T13:38:32.384,Cambrian,Info,0218,2.850000e+02,2.330000e+02,7.637081e+01
2021-05-29T14:02:41.444,Cambrian,Info,0219,2.850000e+02,2.850000e+02,0.000000e+00
2021-05-29T14:22:58.879,Cambrian,Info,0220,2.900000e+02,2.390000e+02,1.056764e+02
2021-05-29T14:42:45.385,Cambrian,Info,0221,3.450000e+02,3.140000e+02,2.583602e+01
2021-05-29T15:03:02.334,Cambrian,Info,0222,5.450000e+02,2.710000e+02,1.742986e+02
2021-05-29T15:20:11.579,Cambrian,Info,0223,5.350000e+02,4.120000e+02,1.307000e+02
2021-05-29T15:36:19.409,Cambrian,Info,0224,5.500000e+02,2.360000e+02,2.016618e+02
2021-05-29T15:54:40.665,Cambrian,Info,0225,4.250000e+02,3.320000e+02,6.629480e+01
2021-05-29T16:14:56.616,Cambrian,Info,0226,4.800000e+02,3.390000e+02,8.104011e+01
2021-05-29T16:29:00.893,Cambrian,Info,0227,3.100000e+02,2.520000e+02,1.025061e+02
2021-05-29T16:47:17.304,Cambrian,Info,0228,3.100000e+02,2.120000e+02,1.286759e+02
2021-05-29T17:00:59.862,Cambrian,Info,0229,3.100000e+02,2.900000e+02,1.118034e+01
2021-05-29T17:18:57.607,Cambrian,Info,0230,8.500000e+02,3.480000e+02,3.087596e+02
2021-05-29T17:35:35.478,Cambrian,Info,0231,4.650000e+02,3.490000e+02,8.026519e+01
2021-05-29T17:50:14.064,Cambrian,Info,0232,4.950000e+02,3.260000e+02,9.587753e+01
2021-05-29T18:07:43.256,Cambrian,Info,0233,4.100000e+02,3.670000e+02,5.215362e+01
2021-05-29T18:24:13.842,Cambrian,Info,0234,4.700000e+02,3.170000e+02,1.160603e+02
2021-05-29T18:36:13.114,Cambrian,Info,0235,3.050000e+02,2.890000e+02,8.944272e+00
2021-05-29T18:40:18.874,Cambrian,Info,0236,3.600000e+02,2.920000e+02,3.914716e+01
2021-05-29T18:49:14.422,Cambrian,Info,0237,5.900000e+02,3.430000e+02,2.165525e+02
2021-05-29T18:52:22.403,Cambrian,Info,0238,4.750000e+02,4.010000e+02,7.205900e+01
2021-05-29T18:58:46.371,Cambrian,Info,0239,4.400000e+02,3.640000e+02,7.511658e+01
2021-05-29T19:05:05.813,Cambrian,Info,0240,4.400000e+02,3.840000e+02,7.741124e+01
2021-05-29T19:15:10.563,Cambrian,Info,0241,4.400000e+02,2.850000e+02,1.802082e+02
2021-05-29T19:25:18.460,Cambrian,Info,0242,4.400000e+02,3.130000e+02,7.129165e+01
2021-05-29T19:32:35.293,Cambrian,Info,0243,4.400000e+02,4.030000e+02,6.723095e+01
2021-05-29T19:36:59.978,Cambrian,Info,0244,4.400000e+02,3.210000e+02,1.915855e+02
2021-05-29T19:42:29.558,Cambrian,Info,0245,5.900000e+02,3.770000e+02,1.466544e+02
2021-05-29T19:44:42.372,Cambrian,Info,0246,5.650000e+02,3.290000e+02,2.147499e+02
2021-05-29T19:50:26.810,Cambrian,Info,0247,5.650000e+02,3.910000e+02,1.308339e+02
2021-05-29T19:58:47.946,Cambrian,Info,0248,4.400000e+02,2.950000e+02,9.293815e+01
2021-05-29T20:07:54.867,Cambrian,Info,0249,4.200000e+02,2.640000e+02,1.563809e+02
2021-05-29T20:15:04.739,Cambrian,Info,0250,4.400000e+02,3.430000e+02,7.973393e+01
2021-05-29T20:28:04.338,Cambrian,Info,0251,4.400000e+02,3.610000e+02,9.607289e+01
2021-05-29T20:45:05.669,Cambrian,Info,0252,5.400000e+02,3.960000e+02,1.137102e+02
2021-05-29T20:49:14.391,Cambrian,Info,0253,4.600000e+02,2.930000e+02,1.536880e+02
2021-05-29T20:56:51.508,Cambrian,Info,0254,4.600000e+02,3.580000e+02,1.009084e+02
2021-05-29T21:03:24.053,Cambrian,Info,0255,4.400000e+02,3.470000e+02,7.302397e+01
2021-05-29T21:16:13.730,Cambrian,Info,0256,4.400000e+02,3.160000e+02,6.931811e+01
2021-05-29T21:28:55.804,Cambrian,Info,0257,4.400000e+02,2.840000e+02,1.001499e+02
2021-05-29T21:39:08.999,Cambrian,Info,0258,4.400000e+02,3.060000e+02,7.797435e+01
2021-05-29T21:50:11.836,Cambrian,Info,0259,4.400000e+02,2.810000e+02,9.946105e+01
2021-05-29T22:00:09.829,Cambrian,Info,0260,4.600000e+02,3.710000e+02,8.317151e+01
2021-05-29T22:12:17.038,Cambrian,Info,0261,4.750000e+02,3.860000e+02,9.996249e+01
2021-05-29T22:14:40.068,Cambrian,Info,0262,5.150000e+02,3.030000e+02,1.926980e+02
2021-05-29T22:18:21.618,Cambrian,Info,0263,6.650000e+02,3.330000e+02,2.475783e+02
2021-05-29T22:20:05.370,Cambrian,Info,0264,4.400000e+02,3.520000e+02,6.750926e+01
2021-05-29T22:22:33.067,Cambrian,Info,0265,4.550000e+02,3.780000e+02,8.555700e+01
2021-05-29T22:24:21.217,Cambrian,Info,0266,4.400000e+02,3.050000e+02,1.841195e+02
2021-05-29T22:28:44.481,Cambrian,Info,0267,4.250000e+02,3.180000e+02,6.078651e+01
2021-05-29T22:35:20.916,Cambrian,Info,0268,2.900000e+02,2.720000e+02,1.955761e+01
2021-05-29T22:49:28.011,Cambrian,Info,0269,3.200000e+02,2.740000e+02,4.083503e+01
2021-05-29T23:03:00.803,Cambrian,Info,0270,5.400000e+02,3.520000e+02,1.106571e+02
2021-05-29T23:14:21.906,Cambrian,Info,0271,4.700000e+02,3.560000e+02,9.736529e+01
2021-05-29T23:27:14.303,Cambrian,Info,0272,4.300000e+02,3.180000e+02,8.430599e+01
2021-05-29T23:42:52.218,Cambrian,Info,0273,3.950000e+02,2.500000e+02,1.321930e+02
2021-05-29T23:56:45.460,Cambrian,Info,0274,4.600000e+02,3.170000e+02,8.212795e+01
2021-05-30T00:04:56.773,Cambrian,Info,0275,4.450000e+02,2.990000e+02,1.254691e+02
2021-05-30T00:10:35.480,Cambrian,Info,0276,4.200000e+02,3.560000e+02,6.886581e+01
2021-05-30T00:15:46.399,Cambrian,Info,0277,2.950000e+02,2.180000e+02,8.541077e+01
2021-05-30T00:24:34.105,Cambrian,Info,0278,7.600000e+02,3.850000e+02,2.107724e+02
2021-05-30T00:36:31.469,Cambrian,Info,0279,5.000000e+02,3.040000e+02,1.121049e+02
2021-05-30T00:47:44.026,Cambrian,Info,0280,2.900000e+02,2.670000e+02,4.309872e+01
2021-05-30T01:00:02.232,Cambrian,Info,0281,5.300000e+02,3.190000e+02,1.704186e+02
2021-05-30T01:14:11.519,Cambrian,Info,0282,8.000000e+02,3.960000e+02,2.328465e+02
2021-05-30T01:25:00.383,Cambrian,Info,0283,6.600000e+02,2.580000e+02,2.564323e+02
2021-05-30T01:35:15.687,Cambrian,Info,0284,2.600000e+02,2.100000e+02,4.623311e+01
2021-05-30T01:47:47.529,Cambrian,Info,0285,7.500000e+02,3.390000e+02,2.491335e+02
2021-05-30T02:06:48.228,Cambrian,Info,0286,4.900000e+02,2.980000e+02,1.080278e+02
2021-05-30T02:59:51.873,Cambrian,Info,0287,4.600000e+02,2.930000e+02,1.272105e+02
2021-05-30T03:47:27.216,Cambrian,Info,0288,3.850000e+02,2.500000e+02,1.038629e+02
2021-05-30T04:03:52.963,Cambrian,Info,0289,3.550000e+02,2.060000e+02,1.073778e+02
2021-05-30T04:23:25.856,Cambrian,Info,0290,4.500000e+02,2.550000e+02,1.181101e+02
2021-05-30T04:38:15.970,Cambrian,Info,0291,2.850000e+02,1.960000e+02,1.107587e+02
2021-05-30T04:50:51.138,Cambrian,Info,0292,3.100000e+02,2.890000e+02,1.193734e+01
2021-05-30T04:59:00.234,Cambrian,Info,0293,6.100000e+02,4.350000e+02,1.386542e+02
2021-05-30T05:03:27.716,Cambrian,Info,0294,7.900000e+02,3.310000e+02,2.794056e+02
2021-05-30T05:08:49.313,Cambrian,Info,0295,7.700000e+02,4.660000e+02,2.093860e+02
2021-05-30T05:23:52.382,Cambrian,Info,0296,7.700000e+02,3.540000e+02,2.337306e+02
2021-05-30T06:18:09.678,Cambrian,Info,0297,7.700000e+02,3.630000e+02,2.811272e+02
2021-05-30T06:24:54.912,Cambrian,Info,0298,5.750000e+02,3.880000e+02,1.490637e+02
2021-05-30T06:29:46.828,Cambrian,Info,0299,4.800000e+02,3.440000e+02,1.371313e+02
2021-05-30T06:34:45.602,Cambrian,Info,0300,5.300000e+02,3.800000e+02,1.370675e+02
2021-05-30T06:42:29.972,Cambrian,Info,0301,5.300000e+02,3.950000e+02,8.448373e+01
2021-05-30T07:08:04.020,Cambrian,Info,0302,5.300000e+02,3.060000e+02,2.002935e+02
2021-05-30T07:39:43.077,Cambrian,Info,0303,5.300000e+02,3.020000e+02,1.391312e+02
2021-05-30T08:14:26.372,Cambrian,Info,0304,5.350000e+02,3.450000e+02,1.742125e+02
2021-05-30T08:21:33.967,Cambrian,Info,0305,5.300000e+02,3.800000e+02,1.370675e+02
2021-05-30T09:16:46.486,Cambrian,Info,0306,5.300000e+02,4.170000e+02,1.185116e+02
2021-05-30T09:25:14.058,Cambrian,Info,0307,7.400000e+02,4.270000e+02,2.068997e+02
2021-05-30T09:32:42.783,Cambrian,Info,0308,5.000000e+02,1.980000e+02,1.889643e+02
2021-05-30T09:39:19.639,Cambrian,Info,0309,5.300000e+02,2.920000e+02,1.635772e+02
2021-05-30T10:33:30.255,Cambrian,Info,0310,8.200000e+02,5.020000e+02,2.582780e+02
2021-05-30T11:46:49.855,Cambrian,Info,0311,3.300000e+02,2.360000e+02,5.308013e+01
2021-05-30T12:07:59.837,Cambrian,Info,0312,4.800000e+02,2.670000e+02,1.973449e+02
2021-05-30T12:24:51.055,Cambrian,Info,0313,3.200000e+02,2.350000e+02,1.322403e+02
2021-05-30T12:35:24.488,Cambrian,Info,0314,4.950000e+02,3.720000e+02,8.563002e+01
2021-05-30T12:47:56.123,Cambrian,Info,0315,3.150000e+02,2.630000e+02,5.985399e+01
2021-05-30T13:06:32.464,Cambrian,Info,0316,4.700000e+02,3.130000e+02,8.800568e+01
2021-05-30T13:17:36.154,Cambrian,Info,0317,2.850000e+02,2.130000e+02,1.208615e+02
2021-05-30T13:23:20.326,Cambrian,Info,0318,3.150000e+02,2.340000e+02,1.235111e+02
2021-05-30T13:29:02.736,Cambrian,Info,0319,5.200000e+02,3.510000e+02,1.639131e+02
2021-05-30T13:34:55.585,Cambrian,Info,0320,5.750000e+02,4.600000e+02,1.407569e+02
2021-05-30T13:44:18.575,Cambrian,Info,0321,5.000000e+02,3.500000e+02,8.888194e+01
2021-05-30T13:50:26.380,Cambrian,Info,0322,7.500000e+02,4.850000e+02,1.733133e+02
2021-05-30T14:00:31.609,Cambrian,Info,0323,7.100000e+02,4.750000e+02,2.162175e+02
2021-05-30T14:08:51.653,Cambrian,Info,0324,5.450000e+02,3.590000e+02,1.183955e+02
2021-05-30T14:16:44.155,Cambrian,Info,0325,5.450000e+02,4.040000e+02,9.620291e+01
2021-05-30T14:25:58.056,Cambrian,Info,0326,5.450000e+02,3.780000e+02,1.288216e+02
2021-05-30T14:32:28.783,Cambrian,Info,0327,5.450000e+02,3.410000e+02,1.534357e+02
2021-05-30T15:01:25.443,Cambrian,Info,0328,5.450000e+02,3.830000e+02,1.247297e+02
2021-05-30T15:09:03.344,Cambrian,Info,0329,5.450000e+02,2.750000e+02,1.929702e+02
2021-05-30T15:42:45.308,Cambrian,Info,0330,5.450000e+02,3.420000e+02,2.086744e+02
2021-05-30T15:53:07.543,Cambrian,Info,0331,8.500000e+02,4.920000e+02,2.277224e+02
2021-05-30T16:02:33.605,Cambrian,Info,0332,1.000000e+03,6.530000e+02,3.650959e+02
2021-05-30T16:31:35.614,Cambrian,Info,0333,9.000000e+02,4.070000e+02,3.264698e+02
2021-05-30T16:45:32.810,Cambrian,Info,0334,1.000000e+03,7.230000e+02,3.078474e+02
2021-05-30T16:50:08.635,Cambrian,Info,0335,8.950000e+02,5.210000e+02,3.758058e+02
2021-05-30T16:55:26.451,Cambrian,Info,0336,9.000000e+02,4.370000e+02,3.797466e+02
2021-05-30T17:04:59.581,Cambrian,Info,0337,9.000000e+02,4.840000e+02,3.480912e+02
2021-05-30T17:11:54.038,Cambrian,Info,0338,8.500000e+02,3.270000e+02,3.133010e+02
2021-05-30T17:18:00.968,Cambrian,Info,0339,9.000000e+02,4.040000e+02,3.390317e+02
2021-05-30T17:23:24.343,Cambrian,Info,0340,9.000000e+02,4.060000e+02,2.761883e+02
2021-05-30T18:03:49.862,Cambrian,Info,0341,8.500000e+02,4.970000e+02,2.915390e+02
2021-05-30T18:09:08.965,Cambrian,Info,0342,8.500000e+02,4.550000e+02,3.549296e+02
2021-05-30T18:45:34.824,Cambrian,Info,0343,1.000000e+03,4.660000e+02,3.077824e+02
2021-05-30T18:51:52.324,Cambrian,Info,0344,9.000000e+02,6.890000e+02,2.697313e+02
2021-05-30T19:24:11.620,Cambrian,Info,0345,8.500000e+02,2.870000e+02,3.430306e+02
2021-05-30T19:33:55.873,Cambrian,Info,0346,8.500000e+02,4.040000e+02,3.081680e+02
2021-05-30T19:59:33.337,Cambrian,Info,0347,8.500000e+02,4.260000e+02,2.455453e+02
2021-05-30T20:04:21.376,Cambrian,Info,0348,9.000000e+02,3.880000e+02,2.871324e+02
2021-05-30T20:11:46.483,Cambrian,Info,0349,8.500000e+02,4.890000e+02,2.376289e+02
2021-05-30T20:21:37.872,Cambrian,Info,0350,1.000000e+03,6.930000e+02,3.599236e+02
2021-05-30T20:32:25.231,Cambrian,Info,0351,1.000000e+03,6.770000e+02,3.140780e+02
2021-05-30T20:38:01.138,Cambrian,Info,0352,1.000000e+03,3.240000e+02,4.031966e+02
2021-05-30T21:04:07.796,Cambrian,Info,0353,1.000000e+03,4.050000e+02,3.340846e+02
2021-05-30T21:09:15.947,Cambrian,Info,0354,1.000000e+03,4.160000e+02,3.269824e+02
2021-05-30T21:15:06.287,Cambrian,Info,0355,1.000000e+03,5.310000e+02,2.872804e+02
2021-05-30T21:22:08.761,Cambrian,Info,0356,1.000000e+03,6.140000e+02,3.356039e+02
2021-05-30T21:26:57.566,Cambrian,Info,0357,5.100000e+02,1.590000e+02,2.317973e+02
2021-05-30T21:30:58.670,Cambrian,Info,0358,5.950000e+02,4.790000e+02,1.154015e+02
2021-05-30T21:36:58.951,Cambrian,Info,0359,4.600000e+02,2.620000e+02,1.686194e+02
2021-05-30T21:40:03.480,Cambrian,Info,0360,6.450000e+02,4.310000e+02,1.441960e+02
2021-05-30T21:42:27.898,Cambrian,Info,0361,5.900000e+02,3.440000e+02,1.375863e+02
2021-05-30T21:48:37.207,Cambrian,Info,0362,6.450000e+02,3.890000e+02,1.589969e+02
2021-05-30T21:51:48.500,Cambrian,Info,0363,1.030000e+03,4.940000e+02,3.866749e+02
2021-05-30T21:58:12.218,Cambrian,Info,0364,6.750000e+02,3.540000e+02,1.834189e+02
2021-05-30T22:37:50.163,Cambrian,Info,0365,4.100000e+02,3.070000e+02,5.794394e+01
2021-05-30T22:54:04.243,Cambrian,Info,0366,4.850000e+02,3.200000e+02,1.991858e+02
2021-05-30T23:02:33.630,Cambrian,Info,0367,4.850000e+02,2.110000e+02,2.043098e+02
2021-05-30T23:17:35.113,Cambrian,Info,0368,4.750000e+02,3.450000e+02,9.212763e+01
2021-05-30T23:47:14.185,Cambrian,Info,0369,4.100000e+02,2.530000e+02,1.311297e+02
2021-05-30T23:58:34.286,Cambrian,Info,0370,4.850000e+02,3.980000e+02,9.135097e+01
2021-05-31T00:07:53.047,Cambrian,Info,0371,4.850000e+02,3.220000e+02,9.135097e+01
2021-05-31T00:16:52.487,Cambrian,Info,0372,4.850000e+02,2.480000e+02,1.845129e+02
2021-05-31T00:24:33.059,Cambrian,Info,0373,4.850000e+02,3.500000e+02,1.269843e+02
2021-05-31T00:32:51.488,Cambrian,Info,0374,4.100000e+02,2.480000e+02,1.480118e+02
2021-05-31T00:43:03.305,Cambrian,Info,0375,4.850000e+02,4.420000e+02,9.615092e+01
2021-05-31T00:57:48.196,Cambrian,Info,0376,4.850000e+02,2.500000e+02,1.738893e+02
2021-05-31T01:16:53.847,Cambrian,Info,0377,5.050000e+02,3.660000e+02,1.181313e+02
2021-05-31T01:28:46.802,Cambrian,Info,0378,4.850000e+02,3.000000e+02,2.234950e+02
2021-05-31T01:40:14.551,Cambrian,Info,0379,4.850000e+02,2.870000e+02,1.804370e+02
2021-05-31T01:50:51.039,Cambrian,Info,0380,4.850000e+02,2.630000e+02,1.725761e+02
2021-05-31T01:58:30.903,Cambrian,Info,0381,5.500000e+02,2.800000e+02,1.951922e+02
2021-05-31T02:08:31.442,Cambrian,Info,0382,5.600000e+02,3.950000e+02,1.232376e+02
2021-05-31T02:17:27.792,Cambrian,Info,0383,2.900000e+02,2.840000e+02,8.215838e+00
2021-05-31T02:30:22.138,Cambrian,Info,0384,2.900000e+02,2.660000e+02,4.814042e+01
2021-05-31T02:38:14.618,Cambrian,Info,0385,6.400000e+02,3.810000e+02,1.545720e+02
2021-05-31T02:58:04.928,Cambrian,Info,0386,7.200000e+02,4.010000e+02,2.939473e+02
2021-05-31T03:12:18.217,Cambrian,Info,0387,6.400000e+02,4.240000e+02,1.972752e+02
2021-05-31T03:30:56.723,Cambrian,Info,0388,6.750000e+02,4.370000e+02,2.158008e+02
2021-05-31T03:46:33.377,Cambrian,Info,0389,6.550000e+02,4.050000e+02,2.611752e+02
2021-05-31T04:04:36.139,Cambrian,Info,0390,5.050000e+02,3.490000e+02,9.736529e+01
2021-05-31T04:20:50.901,Cambrian,Info,0391,6.750000e+02,4.090000e+02,1.619182e+02
2021-05-31T04:37:54.393,Cambrian,Info,0392,6.400000e+02,3.340000e+02,1.858225e+02
2021-05-31T04:52:45.789,Cambrian,Info,0393,4.700000e+02,3.020000e+02,1.383203e+02
2021-05-31T05:08:30.720,Cambrian,Info,0394,7.450000e+02,3.990000e+02,3.043312e+02
2021-05-31T05:25:57.951,Cambrian,Info,0395,6.750000e+02,4.850000e+02,1.988404e+02
2021-05-31T05:42:45.376,Cambrian,Info,0396,3.800000e+02,2.970000e+02,7.023176e+01
2021-05-31T06:02:54.564,Cambrian,Info,0397,2.850000e+02,2.530000e+02,4.396021e+01
2021-05-31T06:17:33.532,Cambrian,Info,0398,3.650000e+02,3.020000e+02,3.528456e+01
2021-05-31T06:31:06.338,Cambrian,Info,0399,2.850000e+02,2.850000e+02,0.000000e+00
2021-05-31T06:50:41.234,Cambrian,Info,0400,2.850000e+02,2.590000e+02,5.813777e+01
2021-05-31T07:19:14.417,Cambrian,Info,0401,4.300000e+02,1.630000e+02,1.869358e+02
2021-05-31T07:41:47.324,Cambrian,Info,0402,2.700000e+02,1.370000e+02,9.628084e+01
2021-05-31T08:23:21.234,Cambrian,Info,0403,8.000000e+02,3.830000e+02,2.340833e+02
2021-05-31T08:38:14.911,Cambrian,Info,0404,9.400000e+02,4.130000e+02,2.946735e+02
2021-05-31T08:47:55.738,Cambrian,Info,0405,6.100000e+02,3.990000e+02,1.366291e+02
2021-05-31T08:59:16.248,Cambrian,Info,0406,2.900000e+02,2.600000e+02,5.373546e+01
2021-05-31T09:10:53.357,Cambrian,Info,0407,3.000000e+02,2.360000e+02,1.156719e+02
2021-05-31T09:19:14.737,Cambrian,Info,0408,3.150000e+02,1.780000e+02,1.606860e+02
2021-05-31T09:26:32.995,Cambrian,Info,0409,4.850000e+02,2.220000e+02,2.075934e+02
2021-05-31T09:33:35.283,Cambrian,Info,0410,4.850000e+02,2.900000e+02,1.327592e+02
2021-05-31T09:37:20.295,Cambrian,Info,0411,5.950000e+02,4.270000e+02,1.371860e+02
2021-05-31T09:43:24.542,Cambrian,Info,0412,5.000000e+02,2.610000e+02,1.628036e+02
2021-05-31T09:47:23.333,Cambrian,Info,0413,5.650000e+02,3.310000e+02,2.259812e+02
2021-05-31T09:51:55.707,Cambrian,Info,0414,6.350000e+02,3.070000e+02,2.151627e+02
2021-05-31T09:56:32.381,Cambrian,Info,0415,3.800000e+02,2.480000e+02,1.444213e+02
2021-05-31T10:05:48.419,Cambrian,Info,0416,4.400000e+02,3.400000e+02,5.656854e+01
2021-05-31T10:12:52.123,Cambrian,Info,0417,5.300000e+02,3.250000e+02,1.362901e+02
2021-05-31T10:19:59.787,Cambrian,Info,0418,5.050000e+02,3.560000e+02,9.009717e+01
