2021-07-13T19:47:52.501,Cambrian,Info,0010,1.420000e+04,5.200000e+03,7.170774e+03
2021-07-13T19:55:50.004,Cambrian,Info,0020,1.720000e+04,3.440000e+03,7.692074e+03
2021-07-13T20:03:12.438,Cambrian,Info,0030,2.480000e+04,7.520000e+03,1.113697e+04
2021-07-13T20:11:54.137,Cambrian,Info,0040,1.040000e+04,3.740000e+03,5.134978e+03
2021-07-13T20:20:54.236,Cambrian,Info,0050,2.740000e+04,1.572000e+04,1.436913e+04
2021-07-13T20:28:42.972,Cambrian,Info,0060,2.860000e+04,1.048000e+04,1.445033e+04
2021-07-13T20:35:27,Cambrian,Info,0070,2.700000e+04,1.072000e+04,1.467965e+04
2021-07-13T20:43:50.020,Cambrian,Info,0080,2.980000e+04,1.736000e+04,8.533932e+03
2021-07-13T20:56:11.644,Cambrian,Info,0090,2.540000e+04,1.056000e+04,1.082534e+04
2021-07-13T21:05:31.743,Cambrian,Info,0100,2.380000e+04,1.340000e+04,9.428680e+03
2021-07-13T21:16:32.741,Cambrian,Info,0110,2.840000e+04,1.420000e+04,1.225561e+04
2021-07-13T21:27:53.413,Cambrian,Info,0120,2.080000e+04,5.300000e+03,8.840814e+03
2021-07-13T21:34:16.214,Cambrian,Info,0130,2.740000e+04,1.232000e+04,1.342729e+04
2021-07-13T21:42:53.985,Cambrian,Info,0140,2.640000e+04,1.724000e+04,1.080777e+04
2021-07-13T21:56:43.827,Cambrian,Info,0150,2.360000e+04,1.418000e+04,9.638050e+03
2021-07-13T22:12:02.639,Cambrian,Info,0160,2.400000e+04,4.860000e+03,1.070037e+04
2021-07-13T22:31:08.005,Cambrian,Info,0170,2.380000e+04,9.040000e+03,1.240758e+04
2021-07-13T22:49:15.642,Cambrian,Info,0180,2.740000e+04,1.526000e+04,1.094614e+04
2021-07-13T23:08:01.375,Cambrian,Info,0190,2.600000e+04,1.484000e+04,1.357822e+04
2021-07-13T23:30:29.667,Cambrian,Info,0200,2.460000e+04,1.288000e+04,1.191856e+04
2021-07-13T23:49:00.123,Cambrian,Info,0210,2.220000e+04,1.378000e+04,9.798061e+03
2021-07-14T00:00:15.663,Cambrian,Info,0220,2.680000e+04,8.160000e+03,1.205521e+04
2021-07-14T00:20:19.592,Cambrian,Info,0230,2.800000e+04,1.172000e+04,1.393169e+04
2021-07-14T00:40:24.428,Cambrian,Info,0240,2.360000e+04,8.960000e+03,1.229829e+04
2021-07-14T00:54:17.255,Cambrian,Info,0250,2.360000e+04,1.104000e+04,1.167082e+04
2021-07-14T01:07:50.863,Cambrian,Info,0260,2.600000e+04,1.964000e+04,1.104029e+04
2021-07-14T01:16:06.651,Cambrian,Info,0270,2.680000e+04,1.008000e+04,1.384890e+04
2021-07-14T01:29:37.377,Cambrian,Info,0280,2.180000e+04,1.180000e+04,1.096175e+04
2021-07-14T01:38:22.444,Cambrian,Info,0290,2.700000e+04,1.168000e+04,1.306664e+04
2021-07-14T01:48:28.913,Cambrian,Info,0300,2.320000e+04,1.264000e+04,1.165453e+04
2021-07-14T01:59:56.863,Cambrian,Info,0310,2.280000e+04,9.120000e+03,1.248807e+04
2021-07-14T02:09:41.708,Cambrian,Info,0320,2.480000e+04,9.360000e+03,1.285488e+04
2021-07-14T02:17:52.069,Cambrian,Info,0330,2.260000e+04,1.016000e+04,1.103938e+04
2021-07-14T02:27:58.238,Cambrian,Info,0340,2.520000e+04,5.040000e+03,1.126978e+04
2021-07-14T02:39:08.988,Cambrian,Info,0350,2.740000e+04,1.152000e+04,1.286281e+04
2021-07-14T02:54:24.676,Cambrian,Info,0360,2.600000e+04,1.432000e+04,1.315644e+04
2021-07-14T03:04:43.850,Cambrian,Info,0370,2.720000e+04,1.684000e+04,1.107827e+04
2021-07-14T03:16:28.143,Cambrian,Info,0380,2.980000e+04,1.504000e+04,1.403239e+04
2021-07-14T03:28:59.420,Cambrian,Info,0390,2.580000e+04,1.000000e+04,1.370474e+04
2021-07-14T03:39:10.770,Cambrian,Info,0400,2.480000e+04,9.240000e+03,1.270937e+04
2021-07-14T03:52:13.271,Cambrian,Info,0410,2.700000e+04,1.504000e+04,1.379522e+04
2021-07-14T04:13:00.229,Cambrian,Info,0420,2.380000e+04,7.640000e+03,1.097670e+04
2021-07-14T04:27:28.032,Cambrian,Info,0430,2.160000e+04,1.044000e+04,1.063240e+04
2021-07-14T04:39:11.481,Cambrian,Info,0440,2.220000e+04,4.440000e+03,9.928142e+03
2021-07-14T04:48:48.707,Cambrian,Info,0450,1.620000e+04,6.540000e+03,7.151084e+03
2021-07-14T04:58:12.129,Cambrian,Info,0460,2.140000e+04,7.560000e+03,1.050181e+04
2021-07-14T05:08:08.849,Cambrian,Info,0470,2.780000e+04,1.392000e+04,1.302505e+04
2021-07-14T05:24:57.023,Cambrian,Info,0480,2.720000e+04,1.052000e+04,1.441915e+04
2021-07-14T05:36:38.726,Cambrian,Info,0490,2.560000e+04,9.000000e+03,1.251719e+04
2021-07-14T05:49:19.642,Cambrian,Info,0500,2.280000e+04,1.488000e+04,9.954496e+03
2021-07-14T06:01:30.432,Cambrian,Info,0510,2.580000e+04,5.160000e+03,1.153811e+04
2021-07-14T06:12:32.963,Cambrian,Info,0520,8.400000e+03,3.000000e+03,4.156922e+03
2021-07-14T06:22:50.305,Cambrian,Info,0530,2.280000e+04,5.180000e+03,9.940926e+03
2021-07-14T06:33:28.881,Cambrian,Info,0540,1.860000e+04,4.200000e+03,8.116650e+03
2021-07-14T06:45:12.816,Cambrian,Info,0550,2.360000e+04,2.112000e+04,3.468717e+03
2021-07-14T06:58:41.147,Cambrian,Info,0560,2.540000e+04,1.456000e+04,1.048847e+04
2021-07-14T07:13:12.528,Cambrian,Info,0570,2.020000e+04,7.280000e+03,1.006837e+04
2021-07-14T07:29:40.463,Cambrian,Info,0580,3.020000e+04,1.136000e+04,1.560731e+04
2021-07-14T07:38:38.575,Cambrian,Info,0590,3.000000e+04,2.208000e+04,1.250088e+04
2021-07-14T07:46:50.017,Cambrian,Info,0600,2.760000e+04,9.000000e+03,1.284056e+04
2021-07-14T07:53:46.538,Cambrian,Info,0610,2.460000e+04,4.920000e+03,1.100145e+04
2021-07-14T08:01:01.761,Cambrian,Info,0620,2.560000e+04,2.308000e+04,2.090933e+03
2021-07-14T08:07:33.337,Cambrian,Info,0630,2.940000e+04,1.676000e+04,1.534953e+04
2021-07-14T08:15:32.103,Cambrian,Info,0640,2.680000e+04,1.672000e+04,1.106219e+04
2021-07-14T08:26:31.056,Cambrian,Info,0650,2.660000e+04,1.012000e+04,1.173422e+04
2021-07-14T08:33:06.200,Cambrian,Info,0660,2.960000e+04,1.368000e+04,1.333387e+04
2021-07-14T08:42:38.087,Cambrian,Info,0670,2.820000e+04,8.420000e+03,1.168426e+04
2021-07-14T08:51:07.670,Cambrian,Info,0680,2.280000e+04,4.560000e+03,1.019647e+04
2021-07-14T08:58:38.935,Cambrian,Info,0690,1.980000e+04,7.880000e+03,7.629679e+03
2021-07-14T09:10:40.280,Cambrian,Info,0700,2.360000e+04,7.160000e+03,1.060038e+04
2021-07-14T09:18:43.904,Cambrian,Info,0710,1.460000e+04,7.360000e+03,7.168542e+03
2021-07-14T09:27:48.275,Cambrian,Info,0720,1.740000e+04,6.720000e+03,9.211515e+03
2021-07-14T09:38:30.796,Cambrian,Info,0730,2.740000e+04,2.044000e+04,1.155976e+04
2021-07-14T09:49:30.773,Cambrian,Info,0740,2.320000e+04,1.796000e+04,1.007015e+04
2021-07-14T10:00:27.373,Cambrian,Info,0750,1.500000e+04,5.680000e+03,7.798205e+03
2021-07-14T10:13:15.753,Cambrian,Info,0760,2.000000e+04,4.000000e+03,8.944272e+03
2021-07-14T10:21:22.563,Cambrian,Info,0770,2.540000e+04,1.500000e+04,1.369598e+04
2021-07-14T10:30:30.353,Cambrian,Info,0780,2.620000e+04,9.920000e+03,1.361954e+04
2021-07-14T10:42:52.781,Cambrian,Info,0790,2.400000e+04,7.560000e+03,9.847233e+03
2021-07-14T10:53:20.054,Cambrian,Info,0800,2.460000e+04,2.160000e+04,5.145872e+03
2021-07-14T11:01:38.658,Cambrian,Info,0810,2.920000e+04,1.472000e+04,1.382577e+04
2021-07-14T11:11:05.374,Cambrian,Info,0820,2.480000e+04,8.960000e+03,1.238580e+04
2021-07-14T11:21:27.211,Cambrian,Info,0830,2.380000e+04,4.760000e+03,1.064368e+04
2021-07-14T11:31:56.817,Cambrian,Info,0840,2.720000e+04,1.632000e+04,1.358278e+04
2021-07-14T11:41:35.745,Cambrian,Info,0850,2.080000e+04,4.240000e+03,9.258942e+03
2021-07-14T11:51:10.012,Cambrian,Info,0860,2.520000e+04,5.400000e+03,1.109595e+04
2021-07-14T11:59:05.358,Cambrian,Info,0870,2.220000e+04,8.760000e+03,1.199700e+04
2021-07-14T12:07:56.476,Cambrian,Info,0880,2.140000e+04,4.500000e+03,9.459387e+03
2021-07-14T12:17:33.934,Cambrian,Info,0890,2.360000e+04,1.004000e+04,1.243897e+04
2021-07-14T12:31:53.450,Cambrian,Info,0900,2.680000e+04,1.610000e+04,1.068878e+04
2021-07-14T12:42:35.536,Cambrian,Info,0910,2.860000e+04,1.512000e+04,1.396037e+04
2021-07-14T12:58:24.029,Cambrian,Info,0920,2.700000e+04,7.680000e+03,1.187485e+04
2021-07-14T13:07:58.344,Cambrian,Info,0930,2.740000e+04,1.348000e+04,1.221032e+04
2021-07-14T13:14:59.424,Cambrian,Info,0940,2.160000e+04,4.400000e+03,9.615612e+03
2021-07-14T13:20:36.682,Cambrian,Info,0950,2.580000e+04,1.058000e+04,1.330985e+04
2021-07-14T13:35:34.307,Cambrian,Info,0960,2.940000e+04,6.720000e+03,1.280828e+04
2021-07-14T13:42:59.684,Cambrian,Info,0970,2.620000e+04,5.240000e+03,1.171700e+04
2021-07-14T13:49:41.223,Cambrian,Info,0980,2.780000e+04,5.580000e+03,1.242143e+04
2021-07-14T13:56:09.481,Cambrian,Info,0990,2.460000e+04,8.360000e+03,1.174257e+04
2021-07-14T14:03:48.186,Cambrian,Info,1000,1.640000e+04,5.400000e+03,7.673330e+03
2021-07-14T14:16:53.186,Cambrian,Info,1010,1.460000e+04,7.480000e+03,7.268562e+03
2021-07-14T14:25:12.722,Cambrian,Info,1020,1.120000e+04,3.640000e+03,5.200769e+03
2021-07-14T14:34:28.286,Cambrian,Info,1030,1.840000e+04,1.260000e+04,7.670724e+03
2021-07-14T14:48:57.217,Cambrian,Info,1040,1.820000e+04,8.440000e+03,5.546440e+03
2021-07-14T15:09:37.625,Cambrian,Info,1050,2.500000e+04,1.480000e+04,1.351666e+04
2021-07-14T15:18:09.526,Cambrian,Info,1060,2.420000e+04,1.260000e+04,1.215154e+04
2021-07-14T15:29:38.899,Cambrian,Info,1070,2.700000e+04,1.136000e+04,1.142576e+04
2021-07-14T15:42:50.100,Cambrian,Info,1080,1.960000e+04,3.920000e+03,8.765386e+03
2021-07-14T15:52:23.165,Cambrian,Info,1090,2.880000e+04,1.996000e+04,1.151034e+04
2021-07-14T16:05:27.777,Cambrian,Info,1100,2.480000e+04,1.576000e+04,1.008900e+04
2021-07-14T16:17:10.574,Cambrian,Info,1110,2.100000e+04,6.280000e+03,9.380405e+03
2021-07-14T16:25:34.313,Cambrian,Info,1120,2.480000e+04,6.820000e+03,1.082783e+04
2021-07-14T16:33:09.146,Cambrian,Info,1130,2.460000e+04,1.090000e+04,1.225683e+04
2021-07-14T16:40:18.536,Cambrian,Info,1140,2.460000e+04,5.700000e+03,1.069953e+04
2021-07-14T16:50:04.063,Cambrian,Info,1150,2.180000e+04,6.400000e+03,9.675743e+03
2021-07-14T16:58:23.745,Cambrian,Info,1160,2.620000e+04,5.240000e+03,1.171700e+04
2021-07-14T17:05:37.005,Cambrian,Info,1170,2.540000e+04,5.080000e+03,1.135923e+04
2021-07-14T17:15:42.625,Cambrian,Info,1180,2.010000e+04,7.700000e+03,1.056078e+04
2021-07-14T17:30:23.794,Cambrian,Info,1190,2.060000e+04,6.020000e+03,8.462978e+03
2021-07-14T17:41:36.695,Cambrian,Info,1200,1.780000e+04,7.320000e+03,8.490701e+03
2021-07-14T17:52:50.102,Cambrian,Info,1210,1.420000e+04,1.168000e+04,1.642255e+03
2021-07-14T18:04:43.991,Cambrian,Info,1220,1.920000e+04,5.920000e+03,8.682857e+03
2021-07-14T18:16:28.128,Cambrian,Info,1230,2.920000e+04,1.786000e+04,1.344760e+04
2021-07-14T18:25:27.337,Cambrian,Info,1240,2.440000e+04,1.184000e+04,1.164337e+04
2021-07-14T18:36:43.716,Cambrian,Info,1250,2.700000e+04,1.504000e+04,1.378071e+04
2021-07-14T18:41:23.435,Cambrian,Info,1260,2.440000e+04,1.004000e+04,1.030961e+04
2021-07-14T18:51:32.508,Cambrian,Info,1270,1.580000e+04,8.680000e+03,8.010743e+03
2021-07-14T19:04:20.629,Cambrian,Info,1280,2.460000e+04,4.920000e+03,1.100145e+04
2021-07-14T19:15:30.989,Cambrian,Info,1290,2.420000e+04,9.440000e+03,1.201616e+04
2021-07-14T19:27:44.978,Cambrian,Info,1300,2.400000e+04,8.440000e+03,1.173746e+04
2021-07-14T19:39:09.401,Cambrian,Info,1310,2.740000e+04,1.540000e+04,1.410106e+04
2021-07-14T19:50:13.120,Cambrian,Info,1320,2.640000e+04,2.060000e+04,4.483302e+03
2021-07-14T19:58:51.418,Cambrian,Info,1330,2.380000e+04,6.120000e+03,1.009713e+04
2021-07-14T20:13:38.487,Cambrian,Info,1340,2.500000e+04,1.820000e+04,1.038557e+04
2021-07-14T20:26:47.146,Cambrian,Info,1350,2.660000e+04,1.432000e+04,1.242948e+04
2021-07-14T20:38:41.607,Cambrian,Info,1360,2.720000e+04,1.228000e+04,1.196127e+04
2021-07-14T20:52:59.612,Cambrian,Info,1370,2.760000e+04,1.472000e+04,1.367377e+04
2021-07-14T21:05:17.447,Cambrian,Info,1380,2.640000e+04,1.828000e+04,9.523235e+03
2021-07-14T21:13:09.178,Cambrian,Info,1390,2.400000e+04,1.212000e+04,1.161775e+04
2021-07-14T21:24:28.272,Cambrian,Info,1400,2.440000e+04,9.760000e+03,1.336443e+04
2021-07-14T21:40:20.983,Cambrian,Info,1410,2.600000e+04,1.904000e+04,1.074746e+04
2021-07-14T21:49:50.648,Cambrian,Info,1420,2.780000e+04,1.992000e+04,1.023191e+04
2021-07-14T22:01:16.661,Cambrian,Info,1430,2.860000e+04,1.512000e+04,1.401042e+04
2021-07-14T22:10:41.844,Cambrian,Info,1440,2.440000e+04,9.360000e+03,1.283620e+04
2021-07-14T22:24:01.655,Cambrian,Info,1450,2.740000e+04,2.124000e+04,1.188562e+04
2021-07-14T22:35:19.851,Cambrian,Info,1460,2.580000e+04,5.680000e+03,1.130363e+04
2021-07-14T22:48:40.158,Cambrian,Info,1470,2.560000e+04,1.078000e+04,1.324394e+04
2021-07-14T22:58:32.137,Cambrian,Info,1480,2.520000e+04,1.792000e+04,1.041979e+04
2021-07-14T23:17:49.929,Cambrian,Info,1490,2.280000e+04,1.188000e+04,1.130628e+04
2021-07-14T23:29:42.200,Cambrian,Info,1500,2.280000e+04,1.320000e+04,1.205985e+04
2021-07-14T23:35:45.719,Cambrian,Info,1510,2.800000e+04,5.600000e+03,1.252198e+04
2021-07-14T23:43:04.010,Cambrian,Info,1520,2.380000e+04,4.760000e+03,1.064368e+04
2021-07-14T23:49:40.439,Cambrian,Info,1530,2.720000e+04,5.640000e+03,1.206018e+04
2021-07-15T00:00:24.460,Cambrian,Info,1540,2.460000e+04,4.920000e+03,1.100145e+04
2021-07-15T00:09:37.987,Cambrian,Info,1550,2.640000e+04,1.368000e+04,1.246002e+04
2021-07-15T00:21:44.531,Cambrian,Info,1560,2.660000e+04,1.528000e+04,1.396753e+04
2021-07-15T00:32:30.951,Cambrian,Info,1570,2.920000e+04,2.016000e+04,8.696436e+03
2021-07-15T00:39:23.636,Cambrian,Info,1580,2.440000e+04,9.400000e+03,1.288720e+04
2021-07-15T00:49:34.706,Cambrian,Info,1590,2.080000e+04,6.080000e+03,9.219111e+03
2021-07-15T01:03:58.895,Cambrian,Info,1600,2.540000e+04,1.682000e+04,1.029233e+04
2021-07-15T01:17:31.106,Cambrian,Info,1610,1.740000e+04,7.080000e+03,8.913585e+03
2021-07-15T01:30:33.385,Cambrian,Info,1620,2.000000e+04,4.140000e+03,8.871189e+03
2021-07-15T01:39:54.630,Cambrian,Info,1630,2.540000e+04,1.608000e+04,7.279560e+03
2021-07-15T01:50:42.031,Cambrian,Info,1640,2.620000e+04,1.512000e+04,1.372778e+04
2021-07-15T02:01:27.839,Cambrian,Info,1650,2.380000e+04,1.844000e+04,1.025027e+04
2021-07-15T02:09:36.734,Cambrian,Info,1660,1.000000e+03,2.800000e+02,4.381780e+02
2021-07-15T02:18:10.995,Cambrian,Info,1670,1.700000e+04,5.080000e+03,7.591574e+03
2021-07-15T02:24:25.452,Cambrian,Info,1680,3.600000e+03,1.220000e+03,1.520526e+03
2021-07-15T02:33:10.729,Cambrian,Info,1690,1.160000e+04,2.340000e+03,5.176678e+03
2021-07-15T02:41:26.449,Cambrian,Info,1700,2.340000e+04,1.340000e+04,1.219590e+04
2021-07-15T02:55:13.060,Cambrian,Info,1710,3.180000e+04,2.616000e+04,3.642527e+03
2021-07-15T03:12:07.663,Cambrian,Info,1720,2.960000e+04,2.108000e+04,1.044854e+04
2021-07-15T03:31:44.962,Cambrian,Info,1730,2.860000e+04,2.268000e+04,5.330291e+03
2021-07-15T03:52:17.862,Cambrian,Info,1740,2.980000e+04,2.136000e+04,7.633348e+03
2021-07-15T04:18:47.831,Cambrian,Info,1750,3.000000e+04,2.240000e+04,7.903164e+03
2021-07-15T04:38:49.147,Cambrian,Info,1760,2.780000e+04,2.484000e+04,3.308776e+03
2021-07-15T04:56:48.305,Cambrian,Info,1770,1.260000e+04,7.720000e+03,5.277499e+03
2021-07-15T05:08:37.415,Cambrian,Info,1780,2.380000e+04,1.000000e+04,1.060849e+04
2021-07-15T05:17:21.641,Cambrian,Info,1790,1.700000e+04,5.320000e+03,7.740284e+03
2021-07-15T05:27:22.458,Cambrian,Info,1800,1.980000e+04,1.200000e+04,8.574380e+03
2021-07-15T05:35:37.100,Cambrian,Info,1810,2.480000e+04,1.228000e+04,9.453677e+03
2021-07-15T05:42:13.354,Cambrian,Info,1820,1.080000e+04,3.760000e+03,5.242900e+03
2021-07-15T05:48:25.114,Cambrian,Info,1830,1.040000e+04,3.720000e+03,5.152863e+03
2021-07-15T05:59:08.778,Cambrian,Info,1840,1.560000e+04,8.240000e+03,7.714143e+03
2021-07-15T06:11:30.958,Cambrian,Info,1850,2.120000e+04,1.280000e+04,8.066288e+03
2021-07-15T06:25:49.650,Cambrian,Info,1860,2.540000e+04,1.400000e+04,1.300538e+04
2021-07-15T06:46:57.818,Cambrian,Info,1870,2.460000e+04,1.898000e+04,1.048771e+04
2021-07-15T07:04:26.271,Cambrian,Info,1880,2.340000e+04,9.780000e+03,9.931868e+03
2021-07-15T07:16:55.320,Cambrian,Info,1890,2.420000e+04,1.892000e+04,1.058168e+04
2021-07-15T07:31:28.079,Cambrian,Info,1900,2.600000e+04,1.532000e+04,1.398828e+04
2021-07-15T07:48:22.557,Cambrian,Info,1910,1.660000e+04,1.272000e+04,7.129656e+03
2021-07-15T08:02:10.382,Cambrian,Info,1920,1.720000e+04,1.016000e+04,5.419686e+03
2021-07-15T08:14:59.230,Cambrian,Info,1930,2.580000e+04,2.272000e+04,3.126020e+03
2021-07-15T08:21:20.230,Cambrian,Info,1940,2.040000e+04,1.212000e+04,1.106671e+04
2021-07-15T08:36:27.999,Cambrian,Info,1950,2.360000e+04,1.280000e+04,1.082128e+04
2021-07-15T08:48:02.243,Cambrian,Info,1960,2.740000e+04,5.480000e+03,1.225365e+04
2021-07-15T09:01:59.788,Cambrian,Info,1970,2.740000e+04,1.940000e+04,1.102996e+04
2021-07-15T09:14:28.693,Cambrian,Info,1980,2.720000e+04,1.996000e+04,1.132466e+04
2021-07-15T09:25:42.268,Cambrian,Info,1990,2.540000e+04,2.004000e+04,5.240992e+03
2021-07-15T09:49:47.869,Cambrian,Info,2000,2.580000e+04,1.688000e+04,9.391060e+03
2021-07-15T10:09:54.923,Cambrian,Info,2010,2.660000e+04,1.968000e+04,1.118177e+04
2021-07-15T10:24:51.880,Cambrian,Info,2020,2.740000e+04,1.848000e+04,1.118267e+04
2021-07-15T10:40:49.783,Cambrian,Info,2030,2.700000e+04,1.068000e+04,1.376634e+04
2021-07-15T10:50:11.260,Cambrian,Info,2040,2.280000e+04,8.480000e+03,1.166670e+04
2021-07-15T11:02:06.554,Cambrian,Info,2050,2.700000e+04,9.820000e+03,1.335710e+04
2021-07-15T11:12:43.220,Cambrian,Info,2060,2.800000e+04,1.612000e+04,1.475236e+04
2021-07-15T11:26:49.099,Cambrian,Info,2070,2.760000e+04,9.520000e+03,1.330985e+04
2021-07-15T11:40:31.530,Cambrian,Info,2080,2.720000e+04,1.716000e+04,1.110802e+04
2021-07-15T11:55:47.465,Cambrian,Info,2090,2.740000e+04,1.004000e+04,1.384370e+04
2021-07-15T12:14:15.931,Cambrian,Info,2100,2.520000e+04,1.450000e+04,7.623319e+03
2021-07-15T12:25:56.816,Cambrian,Info,2110,1.760000e+04,9.720000e+03,8.928158e+03
2021-07-15T12:38:55.185,Cambrian,Info,2120,1.140000e+04,2.280000e+03,5.098235e+03
2021-07-15T12:51:01.453,Cambrian,Info,2130,2.800000e+04,1.056000e+04,1.450407e+04
2021-07-15T13:01:19.658,Cambrian,Info,2140,2.780000e+04,1.716000e+04,1.069336e+04
2021-07-15T13:14:09.096,Cambrian,Info,2150,2.780000e+04,5.640000e+03,1.238903e+04
2021-07-15T13:35:00.725,Cambrian,Info,2160,2.620000e+04,2.196000e+04,8.161372e+03
2021-07-15T13:49:53.552,Cambrian,Info,2170,2.360000e+04,6.760000e+03,1.039846e+04
2021-07-15T14:14:25.661,Cambrian,Info,2180,2.580000e+04,1.512000e+04,1.380768e+04
2021-07-15T14:38:19.572,Cambrian,Info,2190,2.800000e+04,2.556000e+04,2.127910e+03
2021-07-15T14:55:41.506,Cambrian,Info,2200,2.960000e+04,1.420000e+04,1.363965e+04
2021-07-15T15:08:39.775,Cambrian,Info,2210,2.520000e+04,1.736000e+04,9.978377e+03
2021-07-15T15:21:56.180,Cambrian,Info,2220,2.720000e+04,2.580000e+04,1.562050e+03
2021-07-15T15:38:36.978,Cambrian,Info,2230,1.480000e+04,6.400000e+03,6.236986e+03
2021-07-15T15:47:21.493,Cambrian,Info,2240,2.420000e+04,1.128000e+04,9.701134e+03
2021-07-15T15:56:49.308,Cambrian,Info,2250,2.920000e+04,2.128000e+04,8.965043e+03
2021-07-15T16:12:17.747,Cambrian,Info,2260,2.440000e+04,1.296000e+04,1.114576e+04
2021-07-15T16:27:43.349,Cambrian,Info,2270,2.720000e+04,1.468000e+04,1.342654e+04
2021-07-15T16:35:29.372,Cambrian,Info,2280,2.720000e+04,1.532000e+04,1.404393e+04
2021-07-15T16:49:58.856,Cambrian,Info,2290,2.400000e+04,1.322000e+04,6.422772e+03
2021-07-15T17:07:31.386,Cambrian,Info,2300,2.940000e+04,2.112000e+04,9.564100e+03
2021-07-15T17:15:51.280,Cambrian,Info,2310,2.360000e+04,9.040000e+03,1.239871e+04
2021-07-15T17:29:40.201,Cambrian,Info,2320,3.060000e+04,1.588000e+04,1.483010e+04
2021-07-15T17:45:51.166,Cambrian,Info,2330,2.580000e+04,2.316000e+04,1.840652e+03
2021-07-15T17:59:30.118,Cambrian,Info,2340,1.720000e+04,6.080000e+03,8.444643e+03
2021-07-15T18:05:27.165,Cambrian,Info,2350,1.800000e+04,1.012000e+04,9.271030e+03
2021-07-15T18:12:58.751,Cambrian,Info,2360,2.420000e+04,9.480000e+03,1.298584e+04
2021-07-15T18:20:31.521,Cambrian,Info,2370,2.320000e+04,9.920000e+03,1.136187e+04
2021-07-15T18:26:50.137,Cambrian,Info,2380,2.580000e+04,5.240000e+03,1.149469e+04
2021-07-15T18:33:15.200,Cambrian,Info,2390,2.660000e+04,1.704000e+04,8.823151e+03
2021-07-15T18:40:54.894,Cambrian,Info,2400,2.540000e+04,9.680000e+03,1.328202e+04
2021-07-15T18:55:43.191,Cambrian,Info,2410,2.440000e+04,1.736000e+04,1.009792e+04
2021-07-15T19:17:48.209,Cambrian,Info,2420,3.320000e+04,1.484000e+04,1.471489e+04
2021-07-15T19:31:31.949,Cambrian,Info,2430,2.660000e+04,1.868000e+04,1.085320e+04
2021-07-15T19:43:28.549,Cambrian,Info,2440,2.880000e+04,1.548000e+04,1.425174e+04
2021-07-15T19:54:42.726,Cambrian,Info,2450,2.800000e+04,6.320000e+03,1.221933e+04
2021-07-15T20:04:09.455,Cambrian,Info,2460,2.660000e+04,1.456000e+04,1.339059e+04
2021-07-15T20:24:08.058,Cambrian,Info,2470,2.760000e+04,1.060000e+04,1.453547e+04
2021-07-15T20:37:01.522,Cambrian,Info,2480,2.740000e+04,1.584000e+04,1.448130e+04
2021-07-15T20:48:38.505,Cambrian,Info,2490,2.720000e+04,5.440000e+03,1.216421e+04
2021-07-15T21:09:53.678,Cambrian,Info,2500,2.600000e+04,1.820000e+04,1.099454e+04
2021-07-15T21:17:52.215,Cambrian,Info,2510,2.780000e+04,2.616000e+04,2.316894e+03
2021-07-15T21:24:34.514,Cambrian,Info,2520,2.720000e+04,9.200000e+03,1.294295e+04
2021-07-15T21:31:20.694,Cambrian,Info,2530,2.800000e+04,2.072000e+04,1.170863e+04
2021-07-15T21:40:44.988,Cambrian,Info,2540,2.880000e+04,1.376000e+04,1.357232e+04
2021-07-15T21:50:26.613,Cambrian,Info,2550,2.680000e+04,1.928000e+04,1.143119e+04
2021-07-15T22:03:33.045,Cambrian,Info,2560,1.540000e+04,8.000000e+03,6.016644e+03
2021-07-15T22:12:58.771,Cambrian,Info,2570,2.080000e+04,1.032000e+04,9.712466e+03
2021-07-15T22:22:49.965,Cambrian,Info,2580,1.760000e+04,1.372000e+04,7.683228e+03
2021-07-15T22:33:29.848,Cambrian,Info,2590,2.460000e+04,1.712000e+04,1.002058e+04
2021-07-15T22:40:46.125,Cambrian,Info,2600,2.460000e+04,1.384000e+04,1.266918e+04
2021-07-15T22:53:08.065,Cambrian,Info,2610,2.520000e+04,1.430000e+04,1.271220e+04
2021-07-15T23:13:34.710,Cambrian,Info,2620,2.300000e+04,1.240000e+04,9.529953e+03
2021-07-15T23:19:44.571,Cambrian,Info,2630,9.200000e+03,1.840000e+03,4.114365e+03
2021-07-15T23:25:43.038,Cambrian,Info,2640,1.360000e+04,3.780000e+03,5.949958e+03
2021-07-15T23:32:08.356,Cambrian,Info,2650,1.150000e+04,6.800000e+03,4.185093e+03
2021-07-15T23:40:46.108,Cambrian,Info,2660,2.420000e+04,1.068000e+04,1.060245e+04
2021-07-15T23:49:08.650,Cambrian,Info,2670,2.780000e+04,1.052000e+04,1.444410e+04
2021-07-15T23:58:34.792,Cambrian,Info,2680,2.780000e+04,1.456000e+04,1.346804e+04
2021-07-16T00:07:15.668,Cambrian,Info,2690,2.660000e+04,9.240000e+03,1.289217e+04
2021-07-16T00:17:47.985,Cambrian,Info,2700,2.550000e+04,1.204000e+04,1.161348e+04
2021-07-16T00:27:43.711,Cambrian,Info,2710,1.880000e+04,6.600000e+03,9.182592e+03
2021-07-16T00:45:33.451,Cambrian,Info,2720,2.040000e+04,7.880000e+03,1.080148e+04
2021-07-16T00:59:45.326,Cambrian,Info,2730,1.580000e+04,6.400000e+03,6.682814e+03
2021-07-16T01:19:13.805,Cambrian,Info,2740,2.040000e+04,4.160000e+03,9.080088e+03
2021-07-16T01:40:23.309,Cambrian,Info,2750,1.480000e+04,5.200000e+03,7.233257e+03
2021-07-16T02:02:14.848,Cambrian,Info,2760,2.360000e+04,4.900000e+03,1.045466e+04
2021-07-16T02:17:07.820,Cambrian,Info,2770,2.320000e+04,8.600000e+03,1.175415e+04
2021-07-16T02:27:48.291,Cambrian,Info,2780,2.440000e+04,1.812000e+04,6.189669e+03
2021-07-16T02:38:26.429,Cambrian,Info,2790,2.640000e+04,1.056000e+04,1.445988e+04
2021-07-16T02:49:38.267,Cambrian,Info,2800,2.480000e+04,5.920000e+03,1.075695e+04
2021-07-16T02:57:50.295,Cambrian,Info,2810,2.820000e+04,5.640000e+03,1.261142e+04
2021-07-16T03:03:49.290,Cambrian,Info,2820,2.420000e+04,4.840000e+03,1.082257e+04
2021-07-16T03:11:39.235,Cambrian,Info,2830,2.480000e+04,8.040000e+03,1.149991e+04
2021-07-16T03:23:26.045,Cambrian,Info,2840,2.900000e+04,1.124000e+04,1.540416e+04
2021-07-16T03:31:47.766,Cambrian,Info,2850,2.660000e+04,1.452000e+04,1.338402e+04
2021-07-16T03:41:33.113,Cambrian,Info,2860,6.400000e+03,2.660000e+03,2.503597e+03
2021-07-16T03:52:18.975,Cambrian,Info,2870,2.420000e+04,9.080000e+03,1.247846e+04
2021-07-16T03:58:51.369,Cambrian,Info,2880,1.840000e+04,3.680000e+03,8.228730e+03
2021-07-16T04:07:39.310,Cambrian,Info,2890,2.360000e+04,7.520000e+03,1.084214e+04
2021-07-16T04:14:40.748,Cambrian,Info,2900,1.820000e+04,5.920000e+03,8.455294e+03
2021-07-16T04:20:54.933,Cambrian,Info,2910,1.920000e+04,3.840000e+03,8.586501e+03
2021-07-16T04:30:42.916,Cambrian,Info,2920,1.500000e+04,3.000000e+03,6.708204e+03
2021-07-16T04:37:15.161,Cambrian,Info,2930,1.180000e+04,3.400000e+03,5.207687e+03
2021-07-16T04:44:56.551,Cambrian,Info,2940,2.480000e+04,1.046000e+04,1.242208e+04
2021-07-16T04:51:15.723,Cambrian,Info,2950,2.560000e+04,7.040000e+03,1.065307e+04
2021-07-16T04:58:07.906,Cambrian,Info,2960,1.860000e+04,9.080000e+03,7.715698e+03
2021-07-16T05:07:52.823,Cambrian,Info,2970,2.660000e+04,1.640000e+04,1.331165e+04
2021-07-16T05:19:04.744,Cambrian,Info,2980,2.640000e+04,6.400000e+03,1.144028e+04
2021-07-16T05:31:43.279,Cambrian,Info,2990,2.600000e+04,1.188000e+04,1.217670e+04
2021-07-16T05:45:00.883,Cambrian,Info,3000,1.230000e+04,2.460000e+03,5.500727e+03
2021-07-16T05:57:39.912,Cambrian,Info,3010,2.830000e+04,5.740000e+03,1.261261e+04
2021-07-16T06:08:48.191,Cambrian,Info,3020,2.680000e+04,7.560000e+03,1.176299e+04
2021-07-16T06:19:19.624,Cambrian,Info,3030,2.160000e+04,4.320000e+03,9.659814e+03
2021-07-16T06:27:17.587,Cambrian,Info,3040,2.340000e+04,1.034000e+04,8.500471e+03
2021-07-16T06:39:17.513,Cambrian,Info,3050,2.460000e+04,1.064000e+04,1.261222e+04
2021-07-16T06:51:35.307,Cambrian,Info,3060,2.840000e+04,2.032000e+04,9.288272e+03
2021-07-16T07:04:09.564,Cambrian,Info,3070,2.500000e+04,7.720000e+03,1.131335e+04
2021-07-16T07:16:38.129,Cambrian,Info,3080,1.020000e+04,4.080000e+03,5.586770e+03
2021-07-16T07:25:51.759,Cambrian,Info,3090,1.100000e+04,2.200000e+03,4.919350e+03
2021-07-16T07:33:45.628,Cambrian,Info,3100,1.720000e+04,1.228000e+04,5.319022e+03
2021-07-16T07:43:53.840,Cambrian,Info,3110,2.600000e+04,9.760000e+03,1.341223e+04
2021-07-16T07:55:56.516,Cambrian,Info,3120,2.720000e+04,1.300000e+04,1.061697e+04
2021-07-16T08:06:26.090,Cambrian,Info,3130,1.180000e+04,2.360000e+03,5.277120e+03
2021-07-16T08:17:04.689,Cambrian,Info,3140,2.600000e+04,1.430000e+04,1.328458e+04
2021-07-16T08:26:33.214,Cambrian,Info,3150,2.440000e+04,4.900000e+03,1.090092e+04
2021-07-16T08:37:28.070,Cambrian,Info,3160,2.860000e+04,1.404000e+04,1.367143e+04
2021-07-16T08:58:12.719,Cambrian,Info,3170,2.920000e+04,5.980000e+03,1.298391e+04
2021-07-16T09:15:13.711,Cambrian,Info,3180,2.720000e+04,1.068000e+04,1.462847e+04
2021-07-16T09:27:03.473,Cambrian,Info,3190,2.380000e+04,1.332000e+04,1.231633e+04
2021-07-16T09:44:53.676,Cambrian,Info,3200,2.260000e+04,4.960000e+03,9.906967e+03
2021-07-16T10:00:54.830,Cambrian,Info,3210,2.860000e+04,1.572000e+04,1.442609e+04
2021-07-16T10:11:38.854,Cambrian,Info,3220,1.900000e+04,6.160000e+03,8.810675e+03
2021-07-16T10:21:20.846,Cambrian,Info,3230,2.160000e+04,1.606000e+04,6.975529e+03
2021-07-16T10:33:38.967,Cambrian,Info,3240,2.660000e+04,8.760000e+03,1.244701e+04
2021-07-16T10:46:04.280,Cambrian,Info,3250,2.860000e+04,1.910000e+04,1.101000e+04
2021-07-16T11:07:00.575,Cambrian,Info,3260,2.500000e+04,1.454000e+04,1.091045e+04
2021-07-16T11:24:57.642,Cambrian,Info,3270,2.660000e+04,7.000000e+03,1.154470e+04
2021-07-16T11:47:37.688,Cambrian,Info,3280,3.220000e+04,1.132000e+04,1.574395e+04
2021-07-16T11:57:45.556,Cambrian,Info,3290,2.780000e+04,1.556000e+04,1.428454e+04
2021-07-16T12:06:03.252,Cambrian,Info,3300,1.240000e+04,2.480000e+03,5.545449e+03
2021-07-16T12:12:25.871,Cambrian,Info,3310,2.660000e+04,1.308000e+04,1.247846e+04
2021-07-16T12:17:36.217,Cambrian,Info,3320,6.000000e+03,1.200000e+03,2.683282e+03
2021-07-16T12:24:41.330,Cambrian,Info,3330,1.600000e+04,4.400000e+03,6.985700e+03
2021-07-16T12:33:15.704,Cambrian,Info,3340,1.800000e+04,6.880000e+03,9.437796e+03
2021-07-16T12:42:04.097,Cambrian,Info,3350,1.520000e+04,4.420000e+03,6.726217e+03
2021-07-16T12:54:29.704,Cambrian,Info,3360,1.320000e+04,9.420000e+03,5.580502e+03
2021-07-16T13:06:09.126,Cambrian,Info,3370,8.800000e+03,4.940000e+03,3.305753e+03
2021-07-16T13:14:46.031,Cambrian,Info,3380,2.320000e+04,1.182000e+04,9.909188e+03
2021-07-16T13:27:08.086,Cambrian,Info,3390,2.520000e+04,1.500000e+04,1.369525e+04
2021-07-16T13:35:11.352,Cambrian,Info,3400,2.060000e+04,1.156000e+04,1.066058e+04
2021-07-16T13:46:36.182,Cambrian,Info,3410,2.420000e+04,9.080000e+03,9.492734e+03
2021-07-16T13:54:07.715,Cambrian,Info,3420,2.760000e+04,7.640000e+03,1.194018e+04
2021-07-16T14:06:42.083,Cambrian,Info,3430,1.270000e+04,1.174000e+04,8.677557e+02
2021-07-16T14:23:13.784,Cambrian,Info,3440,2.900000e+04,1.104000e+04,1.514952e+04
2021-07-16T14:37:56.459,Cambrian,Info,3450,2.620000e+04,2.082000e+04,6.640934e+03
2021-07-16T14:53:50.299,Cambrian,Info,3460,2.560000e+04,1.440000e+04,1.318181e+04
2021-07-16T15:18:43.790,Cambrian,Info,3470,2.580000e+04,1.164000e+04,1.148686e+04
2021-07-16T15:49:24.178,Cambrian,Info,3480,2.340000e+04,8.400000e+03,1.051380e+04
2021-07-16T16:05:25.702,Cambrian,Info,3490,2.440000e+04,1.016000e+04,1.084011e+04
2021-07-16T16:21:23.902,Cambrian,Info,3500,2.620000e+04,1.016000e+04,1.392365e+04
2021-07-16T16:30:15.202,Cambrian,Info,3510,2.080000e+04,1.064000e+04,7.685571e+03
2021-07-16T16:38:33.997,Cambrian,Info,3520,1.500000e+04,8.600000e+03,7.861298e+03
2021-07-16T16:46:15.052,Cambrian,Info,3530,1.980000e+04,9.520000e+03,9.080308e+03
2021-07-16T16:54:59.112,Cambrian,Info,3540,2.360000e+04,1.312000e+04,9.056048e+03
2021-07-16T17:02:34.551,Cambrian,Info,3550,1.600000e+04,5.800000e+03,8.012490e+03
2021-07-16T17:13:31.489,Cambrian,Info,3560,2.220000e+04,5.520000e+03,9.613116e+03
2021-07-16T17:23:50.778,Cambrian,Info,3570,2.840000e+04,1.096000e+04,1.318666e+04
2021-07-16T17:33:00.968,Cambrian,Info,3580,2.300000e+04,4.600000e+03,1.028591e+04
2021-07-16T17:39:32.509,Cambrian,Info,3590,2.440000e+04,1.606000e+04,1.066386e+04
2021-07-16T17:45:08.039,Cambrian,Info,3600,2.720000e+04,6.100000e+03,1.188150e+04
2021-07-16T17:50:52.765,Cambrian,Info,3610,2.700000e+04,6.880000e+03,1.169496e+04
2021-07-16T17:57:36.696,Cambrian,Info,3620,2.500000e+04,9.800000e+03,1.342386e+04
2021-07-16T18:04:08.429,Cambrian,Info,3630,2.380000e+04,7.440000e+03,9.841900e+03
2021-07-16T18:10:21.827,Cambrian,Info,3640,2.500000e+04,8.400000e+03,1.184483e+04
2021-07-16T18:16:05.003,Cambrian,Info,3650,2.480000e+04,8.820000e+03,1.037940e+04
2021-07-16T18:21:20.949,Cambrian,Info,3660,2.460000e+04,1.022000e+04,8.942147e+03
2021-07-16T18:29:07.051,Cambrian,Info,3670,2.840000e+04,1.722000e+04,1.205745e+04
2021-07-16T18:36:30.285,Cambrian,Info,3680,2.220000e+04,6.000000e+03,9.665402e+03
2021-07-16T18:45:57.923,Cambrian,Info,3690,2.560000e+04,9.360000e+03,1.291077e+04
2021-07-16T18:57:59.003,Cambrian,Info,3700,2.440000e+04,4.880000e+03,1.091201e+04
2021-07-16T19:12:45.296,Cambrian,Info,3710,1.980000e+04,3.960000e+03,8.854829e+03
2021-07-16T19:26:36.833,Cambrian,Info,3720,1.580000e+04,3.240000e+03,7.023389e+03
2021-07-16T19:40:28.664,Cambrian,Info,3730,2.640000e+04,1.056000e+04,1.445988e+04
2021-07-16T19:48:23.777,Cambrian,Info,3740,2.520000e+04,1.380000e+04,1.281249e+04
2021-07-16T19:58:50.584,Cambrian,Info,3750,2.660000e+04,1.036000e+04,1.419465e+04
2021-07-16T20:16:32.790,Cambrian,Info,3760,2.580000e+04,1.904000e+04,1.081240e+04
2021-07-16T20:33:18.866,Cambrian,Info,3770,2.380000e+04,4.760000e+03,1.064368e+04
2021-07-16T20:49:57.123,Cambrian,Info,3780,2.180000e+04,8.600000e+03,1.168846e+04
2021-07-16T21:09:10.501,Cambrian,Info,3790,2.280000e+04,4.560000e+03,1.019647e+04
2021-07-16T21:27:50.924,Cambrian,Info,3800,2.580000e+04,1.472000e+04,1.346893e+04
2021-07-16T21:40:01.367,Cambrian,Info,3810,2.540000e+04,9.200000e+03,1.034118e+04
2021-07-16T21:49:57.902,Cambrian,Info,3820,2.980000e+04,1.368000e+04,1.380478e+04
2021-07-16T21:58:35.143,Cambrian,Info,3830,2.640000e+04,1.528000e+04,1.396324e+04
2021-07-16T22:17:28.901,Cambrian,Info,3840,2.220000e+04,1.552000e+04,8.340983e+03
2021-07-16T22:30:34.702,Cambrian,Info,3850,1.980000e+04,1.424000e+04,8.070192e+03
2021-07-16T22:39:10.548,Cambrian,Info,3860,2.560000e+04,1.604000e+04,1.163563e+04
2021-07-16T22:46:54.633,Cambrian,Info,3870,2.620000e+04,1.384000e+04,1.301645e+04
2021-07-16T22:58:35.658,Cambrian,Info,3880,2.600000e+04,1.686000e+04,9.398298e+03
2021-07-16T23:04:52.513,Cambrian,Info,3890,2.620000e+04,7.840000e+03,1.159776e+04
2021-07-16T23:13:35.228,Cambrian,Info,3900,2.820000e+04,6.080000e+03,1.237950e+04
2021-07-16T23:23:11.225,Cambrian,Info,3910,2.700000e+04,6.480000e+03,1.170692e+04
2021-07-16T23:33:48.965,Cambrian,Info,3920,2.880000e+04,1.068000e+04,1.469939e+04
2021-07-16T23:45:41.097,Cambrian,Info,3930,1.920000e+04,4.480000e+03,8.344579e+03
2021-07-17T00:01:22.052,Cambrian,Info,3940,2.000000e+04,1.108000e+04,7.841365e+03
2021-07-17T00:22:36.199,Cambrian,Info,3950,2.540000e+04,5.880000e+03,1.104862e+04
2021-07-17T00:33:06.449,Cambrian,Info,3960,1.960000e+04,8.940000e+03,8.659561e+03
2021-07-17T00:42:45.699,Cambrian,Info,3970,2.660000e+04,7.580000e+03,1.170436e+04
2021-07-17T00:50:41.227,Cambrian,Info,3980,2.680000e+04,1.044000e+04,1.430413e+04
2021-07-17T01:01:06.182,Cambrian,Info,3990,2.600000e+04,1.380000e+04,1.029369e+04
2021-07-17T01:12:02.317,Cambrian,Info,4000,2.580000e+04,5.160000e+03,1.153811e+04
2021-07-17T01:22:32.255,Cambrian,Info,4010,2.940000e+04,1.524000e+04,1.333147e+04
2021-07-17T01:30:28.346,Cambrian,Info,4020,2.820000e+04,1.096000e+04,1.501826e+04
2021-07-17T01:41:04.288,Cambrian,Info,4030,1.380000e+04,2.760000e+03,6.171548e+03
2021-07-17T01:50:18.117,Cambrian,Info,4040,2.060000e+04,6.080000e+03,9.159258e+03
2021-07-17T01:59:20.419,Cambrian,Info,4050,2.580000e+04,5.320000e+03,1.145391e+04
2021-07-17T02:14:18.928,Cambrian,Info,4060,2.920000e+04,1.648000e+04,1.513512e+04
2021-07-17T02:32:09.609,Cambrian,Info,4070,1.860000e+04,7.360000e+03,1.007909e+04
2021-07-17T02:44:48.183,Cambrian,Info,4080,2.700000e+04,5.400000e+03,1.207477e+04
2021-07-17T02:56:07.893,Cambrian,Info,4090,2.000000e+04,1.148000e+04,7.755772e+03
2021-07-17T03:02:31.837,Cambrian,Info,4100,2.480000e+04,5.800000e+03,1.077590e+04
2021-07-17T03:11:40.394,Cambrian,Info,4110,1.900000e+04,4.080000e+03,8.362536e+03
2021-07-17T03:22:09.474,Cambrian,Info,4120,2.840000e+04,1.098000e+04,1.500607e+04
2021-07-17T03:39:36.102,Cambrian,Info,4130,2.440000e+04,1.384000e+04,1.002736e+04
2021-07-17T03:47:27.620,Cambrian,Info,4140,2.720000e+04,1.252000e+04,1.381275e+04
2021-07-17T03:58:50.883,Cambrian,Info,4150,2.300000e+04,1.488000e+04,1.112708e+04
2021-07-17T04:11:31.272,Cambrian,Info,4160,2.960000e+04,1.164000e+04,1.249512e+04
2021-07-17T04:18:34.803,Cambrian,Info,4170,2.680000e+04,1.588000e+04,1.450214e+04
2021-07-17T04:27:03.757,Cambrian,Info,4180,2.300000e+04,4.600000e+03,1.028591e+04
2021-07-17T04:33:39.029,Cambrian,Info,4190,2.660000e+04,1.366000e+04,1.190622e+04
2021-07-17T04:42:08.631,Cambrian,Info,4200,2.620000e+04,9.840000e+03,1.352139e+04
2021-07-17T04:51:10.804,Cambrian,Info,4210,1.340000e+04,5.340000e+03,7.312182e+03
2021-07-17T05:01:52.041,Cambrian,Info,4220,1.520000e+04,3.680000e+03,6.587260e+03
2021-07-17T05:11:20.323,Cambrian,Info,4230,2.260000e+04,4.960000e+03,9.906967e+03
2021-07-17T05:25:16.821,Cambrian,Info,4240,2.310000e+04,1.208000e+04,1.090789e+04
2021-07-17T05:32:44.133,Cambrian,Info,4250,2.500000e+04,1.284000e+04,1.222571e+04
2021-07-17T05:41:25.315,Cambrian,Info,4260,2.740000e+04,1.926000e+04,1.098353e+04
2021-07-17T05:49:39.591,Cambrian,Info,4270,2.460000e+04,1.302000e+04,1.205537e+04
2021-07-17T06:02:43.737,Cambrian,Info,4280,2.680000e+04,1.032000e+04,1.414892e+04
2021-07-17T06:11:08.182,Cambrian,Info,4290,2.040000e+04,7.880000e+03,1.080148e+04
2021-07-17T06:26:40.299,Cambrian,Info,4300,2.420000e+04,5.480000e+03,1.049176e+04
2021-07-17T06:40:01.971,Cambrian,Info,4310,2.720000e+04,2.496000e+04,1.337161e+03
2021-07-17T06:59:39.900,Cambrian,Info,4320,2.980000e+04,2.044000e+04,1.179017e+04
2021-07-17T07:23:44.801,Cambrian,Info,4330,2.780000e+04,1.572000e+04,1.443994e+04
2021-07-17T07:38:36.956,Cambrian,Info,4340,8.200000e+03,2.960000e+03,3.938020e+03
2021-07-17T07:55:07.791,Cambrian,Info,4350,2.500000e+04,1.012000e+04,1.358573e+04
2021-07-17T08:12:02.933,Cambrian,Info,4360,2.640000e+04,9.680000e+03,1.334586e+04
2021-07-17T08:32:08.429,Cambrian,Info,4370,2.160000e+04,4.320000e+03,9.659814e+03
2021-07-17T08:36:55.879,Cambrian,Info,4380,2.580000e+04,1.112000e+04,1.254161e+04
2021-07-17T08:43:32.182,Cambrian,Info,4390,1.930000e+04,7.200000e+03,8.254998e+03
2021-07-17T08:50:58.557,Cambrian,Info,4400,2.520000e+04,5.040000e+03,1.126978e+04
2021-07-17T08:58:55.248,Cambrian,Info,4410,2.900000e+04,9.320000e+03,1.232526e+04
2021-07-17T09:05:52.534,Cambrian,Info,4420,2.700000e+04,1.028000e+04,1.410645e+04
2021-07-17T09:12:51.238,Cambrian,Info,4430,2.640000e+04,7.020000e+03,1.147005e+04
2021-07-17T09:19:12.253,Cambrian,Info,4440,2.520000e+04,1.080000e+04,1.253555e+04
2021-07-17T09:28:29.194,Cambrian,Info,4450,2.380000e+04,9.080000e+03,1.077460e+04
2021-07-17T09:44:57.675,Cambrian,Info,4460,2.160000e+04,7.800000e+03,1.078332e+04
2021-07-17T09:54:59.644,Cambrian,Info,4470,2.520000e+04,9.720000e+03,1.332486e+04
2021-07-17T10:04:45.871,Cambrian,Info,4480,2.500000e+04,1.000000e+04,1.282576e+04
2021-07-17T10:14:26.185,Cambrian,Info,4490,2.640000e+04,1.552000e+04,1.417223e+04
2021-07-17T10:29:18.707,Cambrian,Info,4500,1.820000e+04,3.880000e+03,8.021970e+03
2021-07-17T10:35:16.575,Cambrian,Info,4510,2.820000e+04,1.000000e+04,1.387876e+04
2021-07-17T10:41:23.730,Cambrian,Info,4520,2.080000e+04,6.640000e+03,9.564936e+03
2021-07-17T10:48:26.068,Cambrian,Info,4530,2.480000e+04,7.240000e+03,1.098763e+04
2021-07-17T10:55:21.813,Cambrian,Info,4540,2.280000e+04,4.560000e+03,1.019647e+04
2021-07-17T11:08:46.744,Cambrian,Info,4550,2.540000e+04,1.078000e+04,1.340604e+04
2021-07-17T11:20:47.141,Cambrian,Info,4560,2.420000e+04,6.360000e+03,1.050181e+04
2021-07-17T11:27:26.292,Cambrian,Info,4570,2.600000e+04,1.024000e+04,1.402455e+04
2021-07-17T11:33:12.689,Cambrian,Info,4580,2.340000e+04,1.308000e+04,1.199383e+04
2021-07-17T11:39:58.727,Cambrian,Info,4590,2.580000e+04,1.172000e+04,1.145391e+04
2021-07-17T11:47:44.571,Cambrian,Info,4600,2.740000e+04,9.320000e+03,1.308709e+04
2021-07-17T11:58:35.791,Cambrian,Info,4610,2.740000e+04,1.572000e+04,1.322316e+04
2021-07-17T12:07:02.867,Cambrian,Info,4620,1.520000e+04,8.460000e+03,5.740035e+03
2021-07-17T12:16:35.693,Cambrian,Info,4630,2.740000e+04,2.084000e+04,1.167853e+04
2021-07-17T12:28:43.328,Cambrian,Info,4640,2.660000e+04,1.376000e+04,1.276511e+04
2021-07-17T12:36:22.701,Cambrian,Info,4650,3.040000e+04,1.024000e+04,1.401314e+04
2021-07-17T12:46:15.569,Cambrian,Info,4660,2.080000e+04,5.460000e+03,9.007663e+03
2021-07-17T12:51:52.432,Cambrian,Info,4670,6.200000e+03,1.240000e+03,2.772724e+03
2021-07-17T12:59:43.457,Cambrian,Info,4680,2.340000e+04,7.440000e+03,1.073816e+04
2021-07-17T13:10:49.094,Cambrian,Info,4690,2.020000e+04,4.040000e+03,9.033715e+03
2021-07-17T13:20:54.667,Cambrian,Info,4700,2.580000e+04,9.960000e+03,1.356569e+04
2021-07-17T13:34:10.547,Cambrian,Info,4710,2.440000e+04,9.080000e+03,1.240774e+04
2021-07-17T13:43:58.145,Cambrian,Info,4720,2.220000e+04,8.560000e+03,1.173491e+04
2021-07-17T13:56:20.581,Cambrian,Info,4730,2.900000e+04,1.400000e+04,1.032666e+04
2021-07-17T14:05:10.807,Cambrian,Info,4740,2.360000e+04,7.760000e+03,9.831226e+03
2021-07-17T14:12:17.180,Cambrian,Info,4750,2.280000e+04,1.316000e+04,1.206018e+04
2021-07-17T14:19:00.922,Cambrian,Info,4760,2.200000e+04,8.120000e+03,1.118356e+04
2021-07-17T14:29:22.799,Cambrian,Info,4770,2.600000e+04,2.012000e+04,1.126197e+04
2021-07-17T14:44:53.333,Cambrian,Info,4780,2.940000e+04,1.900000e+04,1.112205e+04
2021-07-17T15:01:24.522,Cambrian,Info,4790,2.620000e+04,2.084000e+04,4.448370e+03
2021-07-17T15:15:05.421,Cambrian,Info,4800,2.760000e+04,2.384000e+04,2.582247e+03
2021-07-17T15:26:45.231,Cambrian,Info,4810,2.620000e+04,9.840000e+03,1.335264e+04
2021-07-17T15:34:14.693,Cambrian,Info,4820,2.640000e+04,1.848000e+04,1.124420e+04
2021-07-17T15:46:12.177,Cambrian,Info,4830,2.640000e+04,2.344000e+04,4.217582e+03
2021-07-17T16:02:47.913,Cambrian,Info,4840,1.920000e+04,4.900000e+03,8.204267e+03
2021-07-17T16:19:01.833,Cambrian,Info,4850,2.300000e+04,1.596000e+04,9.588952e+03
2021-07-17T16:43:18.692,Cambrian,Info,4860,2.160000e+04,7.560000e+03,1.001239e+04
2021-07-17T16:58:43.294,Cambrian,Info,4870,2.500000e+04,9.680000e+03,1.326695e+04
2021-07-17T17:12:05.635,Cambrian,Info,4880,1.920000e+04,4.180000e+03,8.428642e+03
2021-07-17T17:25:51.118,Cambrian,Info,4890,2.360000e+04,8.740000e+03,1.203154e+04
2021-07-17T17:36:05.104,Cambrian,Info,4900,2.040000e+04,9.420000e+03,1.034804e+04
2021-07-17T17:48:13.707,Cambrian,Info,4910,2.460000e+04,1.060000e+04,1.050048e+04
2021-07-17T17:57:16.508,Cambrian,Info,4920,2.800000e+04,7.080000e+03,1.212568e+04
2021-07-17T18:08:10.870,Cambrian,Info,4930,2.620000e+04,2.460000e+04,1.208305e+03
2021-07-17T18:15:11.424,Cambrian,Info,4940,2.840000e+04,1.138000e+04,1.500473e+04
2021-07-17T18:26:07.091,Cambrian,Info,4950,2.380000e+04,1.578000e+04,7.421725e+03
2021-07-17T18:36:27.217,Cambrian,Info,4960,2.680000e+04,5.360000e+03,1.198532e+04
2021-07-17T18:45:26.456,Cambrian,Info,4970,2.440000e+04,5.180000e+03,1.076392e+04
2021-07-17T18:55:24.649,Cambrian,Info,4980,2.920000e+04,1.632000e+04,1.509808e+04
2021-07-17T19:12:54.706,Cambrian,Info,4990,2.460000e+04,4.920000e+03,1.100145e+04
2021-07-17T19:20:58.050,Cambrian,Info,5000,2.300000e+04,8.720000e+03,1.197046e+04
2021-07-17T19:30:16.761,Cambrian,Info,5010,2.940000e+04,9.860000e+03,1.201782e+04
2021-07-17T19:37:36.132,Cambrian,Info,5020,2.280000e+04,8.800000e+03,1.206317e+04
2021-07-17T19:46:28.545,Cambrian,Info,5030,3.100000e+04,2.096000e+04,1.339955e+04
2021-07-17T19:57:56.235,Cambrian,Info,5040,2.040000e+04,1.056000e+04,1.006320e+04
2021-07-17T20:14:26.753,Cambrian,Info,5050,2.540000e+04,1.360000e+04,1.012225e+04
2021-07-17T20:27:41.786,Cambrian,Info,5060,2.860000e+04,5.720000e+03,1.279031e+04
2021-07-17T20:42:41.313,Cambrian,Info,5070,2.760000e+04,1.026000e+04,1.305634e+04
2021-07-17T20:54:54.141,Cambrian,Info,5080,2.160000e+04,6.240000e+03,9.005998e+03
2021-07-17T21:02:28.052,Cambrian,Info,5090,3.000000e+04,1.092000e+04,1.507422e+04
2021-07-17T21:09:24.398,Cambrian,Info,5100,2.460000e+04,1.316000e+04,9.772819e+03
2021-07-17T21:19:35.747,Cambrian,Info,5110,2.180000e+04,4.360000e+03,9.749256e+03
2021-07-17T21:32:30.278,Cambrian,Info,5120,2.880000e+04,6.980000e+03,1.246844e+04
2021-07-17T21:42:26.424,Cambrian,Info,5130,2.520000e+04,1.188000e+04,1.177591e+04
2021-07-17T21:54:41.570,Cambrian,Info,5140,2.600000e+04,1.752000e+04,1.116566e+04
2021-07-17T22:04:47.341,Cambrian,Info,5150,2.420000e+04,7.160000e+03,1.004928e+04
2021-07-17T22:16:32.869,Cambrian,Info,5160,2.900000e+04,2.024000e+04,1.153551e+04
2021-07-17T22:25:40.047,Cambrian,Info,5170,2.640000e+04,1.292000e+04,1.219967e+04
2021-07-17T22:40:19.419,Cambrian,Info,5180,2.840000e+04,1.336000e+04,1.317756e+04
2021-07-17T22:59:55.716,Cambrian,Info,5190,2.880000e+04,1.176000e+04,1.249572e+04
2021-07-17T23:21:30.311,Cambrian,Info,5200,2.620000e+04,1.108000e+04,1.292486e+04
2021-07-17T23:36:42.144,Cambrian,Info,5210,1.900000e+04,9.740000e+03,8.794203e+03
2021-07-17T23:53:56.347,Cambrian,Info,5220,2.400000e+04,4.800000e+03,1.073313e+04
2021-07-18T00:13:50.223,Cambrian,Info,5230,2.660000e+04,1.540000e+04,1.052331e+04
2021-07-18T00:33:49.337,Cambrian,Info,5240,2.540000e+04,9.720000e+03,1.123174e+04
2021-07-18T00:46:49.660,Cambrian,Info,5250,2.220000e+04,9.680000e+03,1.148007e+04
2021-07-18T01:03:44.798,Cambrian,Info,5260,2.740000e+04,1.056000e+04,1.447715e+04
2021-07-18T01:20:46.687,Cambrian,Info,5270,2.560000e+04,5.200000e+03,1.140526e+04
2021-07-18T01:33:07.360,Cambrian,Info,5280,2.140000e+04,9.080000e+03,1.059774e+04
2021-07-18T01:41:30.844,Cambrian,Info,5290,2.380000e+04,8.680000e+03,1.189672e+04
2021-07-18T01:51:40.850,Cambrian,Info,5300,2.500000e+04,1.628000e+04,9.517983e+03
2021-07-18T02:04:00.664,Cambrian,Info,5310,2.720000e+04,1.892000e+04,1.108657e+04
2021-07-18T02:11:32.003,Cambrian,Info,5320,2.820000e+04,1.642000e+04,1.257545e+04
2021-07-18T02:22:05.131,Cambrian,Info,5330,2.680000e+04,6.540000e+03,1.161025e+04
2021-07-18T02:33:31.631,Cambrian,Info,5340,2.640000e+04,5.280000e+03,1.180644e+04
2021-07-18T02:45:43.953,Cambrian,Info,5350,2.560000e+04,5.120000e+03,1.144867e+04
2021-07-18T03:01:56.626,Cambrian,Info,5360,2.660000e+04,1.044000e+04,1.429993e+04
2021-07-18T03:21:24.076,Cambrian,Info,5370,2.820000e+04,1.530000e+04,1.165011e+04
2021-07-18T03:31:24.017,Cambrian,Info,5380,2.300000e+04,1.012000e+04,1.107122e+04
2021-07-18T03:38:54.227,Cambrian,Info,5390,2.320000e+04,4.720000e+03,1.033209e+04
2021-07-18T03:45:52.082,Cambrian,Info,5400,2.580000e+04,5.200000e+03,1.151608e+04
2021-07-18T03:52:15.704,Cambrian,Info,5410,1.940000e+04,3.920000e+03,8.654016e+03
2021-07-18T04:00:47.757,Cambrian,Info,5420,2.300000e+04,9.200000e+03,1.259762e+04
2021-07-18T04:12:55.776,Cambrian,Info,5430,3.080000e+04,1.136000e+04,1.564762e+04
2021-07-18T04:22:15.436,Cambrian,Info,5440,2.480000e+04,9.520000e+03,1.305496e+04
2021-07-18T04:31:25.949,Cambrian,Info,5450,2.820000e+04,1.192000e+04,1.325866e+04
2021-07-18T04:42:28.444,Cambrian,Info,5460,2.320000e+04,8.960000e+03,1.228202e+04
2021-07-18T04:50:24.279,Cambrian,Info,5470,2.680000e+04,1.680000e+04,1.057922e+04
2021-07-18T05:07:26.943,Cambrian,Info,5480,2.280000e+04,1.074000e+04,1.113723e+04
2021-07-18T05:17:58.300,Cambrian,Info,5490,2.800000e+04,1.356000e+04,1.295407e+04
2021-07-18T05:32:49.755,Cambrian,Info,5500,2.740000e+04,1.916000e+04,7.676458e+03
2021-07-18T05:39:39.484,Cambrian,Info,5510,1.520000e+04,8.960000e+03,6.389679e+03
2021-07-18T05:46:43.557,Cambrian,Info,5520,2.420000e+04,1.892000e+04,1.061000e+04
2021-07-18T05:56:04.734,Cambrian,Info,5530,2.680000e+04,1.632000e+04,1.426787e+04
2021-07-18T06:05:05.554,Cambrian,Info,5540,2.800000e+04,1.742000e+04,1.091522e+04
2021-07-18T06:17:32.839,Cambrian,Info,5550,2.840000e+04,8.200000e+03,1.254113e+04
2021-07-18T06:36:03.644,Cambrian,Info,5560,2.220000e+04,4.440000e+03,9.928142e+03
2021-07-18T06:50:02.951,Cambrian,Info,5570,2.720000e+04,9.120000e+03,1.286981e+04
2021-07-18T07:06:25.321,Cambrian,Info,5580,2.180000e+04,7.480000e+03,1.047435e+04
2021-07-18T07:20:08.009,Cambrian,Info,5590,2.420000e+04,4.840000e+03,1.082257e+04
2021-07-18T07:33:05.206,Cambrian,Info,5600,2.680000e+04,1.500000e+04,1.377824e+04
2021-07-18T07:45:41.561,Cambrian,Info,5610,2.500000e+04,5.000000e+03,1.118034e+04
2021-07-18T07:53:50.560,Cambrian,Info,5620,2.580000e+04,5.800000e+03,1.126588e+04
2021-07-18T08:03:05.708,Cambrian,Info,5630,1.120000e+04,2.240000e+03,5.008792e+03
2021-07-18T08:11:09.240,Cambrian,Info,5640,5.400000e+03,1.720000e+03,2.480323e+03
2021-07-18T08:23:04.357,Cambrian,Info,5650,1.860000e+04,8.880000e+03,8.750543e+03
2021-07-18T08:29:48.459,Cambrian,Info,5660,2.180000e+04,7.920000e+03,9.810810e+03
2021-07-18T08:42:03.319,Cambrian,Info,5670,1.940000e+04,5.240000e+03,8.406426e+03
2021-07-18T08:54:35.126,Cambrian,Info,5680,2.200000e+04,1.166000e+04,1.038980e+04
2021-07-18T09:04:00.967,Cambrian,Info,5690,2.400000e+04,7.640000e+03,1.102034e+04
2021-07-18T09:10:38.449,Cambrian,Info,5700,2.340000e+04,7.060000e+03,1.048752e+04
2021-07-18T09:17:26.483,Cambrian,Info,5710,2.600000e+04,5.200000e+03,1.162755e+04
2021-07-18T09:26:18.700,Cambrian,Info,5720,2.760000e+04,1.488000e+04,1.377940e+04
2021-07-18T09:36:27.721,Cambrian,Info,5730,2.740000e+04,1.928000e+04,8.902359e+03
2021-07-18T09:47:07.080,Cambrian,Info,5740,2.840000e+04,1.632000e+04,1.492220e+04
2021-07-18T09:55:47.826,Cambrian,Info,5750,2.580000e+04,5.160000e+03,1.153811e+04
2021-07-18T10:07:03.172,Cambrian,Info,5760,2.580000e+04,1.436000e+04,1.315933e+04
2021-07-18T10:18:00.828,Cambrian,Info,5770,2.640000e+04,1.460000e+04,1.339701e+04
2021-07-18T10:31:21.699,Cambrian,Info,5780,2.720000e+04,1.536000e+04,1.406727e+04
2021-07-18T10:41:15.089,Cambrian,Info,5790,2.580000e+04,1.460000e+04,1.337012e+04
2021-07-18T10:51:24.732,Cambrian,Info,5800,2.440000e+04,1.122000e+04,8.921995e+03
2021-07-18T11:02:34.822,Cambrian,Info,5810,2.580000e+04,1.208000e+04,1.244074e+04
2021-07-18T11:11:48.409,Cambrian,Info,5820,2.500000e+04,5.000000e+03,1.118034e+04
2021-07-18T11:24:05.871,Cambrian,Info,5830,2.660000e+04,8.720000e+03,1.241338e+04
2021-07-18T11:34:40.371,Cambrian,Info,5840,2.840000e+04,5.680000e+03,1.270087e+04
2021-07-18T11:44:19.201,Cambrian,Info,5850,2.500000e+04,7.720000e+03,1.131335e+04
2021-07-18T11:56:28.791,Cambrian,Info,5860,2.400000e+04,9.120000e+03,1.251687e+04
2021-07-18T12:08:36.226,Cambrian,Info,5870,2.520000e+04,5.040000e+03,1.126978e+04
2021-07-18T12:25:04.702,Cambrian,Info,5880,1.700000e+04,5.840000e+03,8.174839e+03
2021-07-18T12:35:46.521,Cambrian,Info,5890,2.400000e+04,1.564000e+04,9.652098e+03
2021-07-18T12:42:43.339,Cambrian,Info,5900,1.760000e+04,3.520000e+03,7.870959e+03
2021-07-18T12:52:17.434,Cambrian,Info,5910,2.320000e+04,1.264000e+04,1.043015e+04
2021-07-18T12:59:48.512,Cambrian,Info,5920,2.780000e+04,1.868000e+04,1.098599e+04
2021-07-18T13:05:16.374,Cambrian,Info,5930,1.560000e+04,7.100000e+03,7.149126e+03
2021-07-18T13:13:16.796,Cambrian,Info,5940,1.320000e+04,2.640000e+03,5.903219e+03
2021-07-18T13:23:50.958,Cambrian,Info,5950,1.150000e+04,6.500000e+03,5.949370e+03
2021-07-18T13:31:51.090,Cambrian,Info,5960,1.220000e+04,3.880000e+03,5.474669e+03
2021-07-18T13:38:13.753,Cambrian,Info,5970,2.480000e+04,5.920000e+03,1.075695e+04
2021-07-18T13:45:49.466,Cambrian,Info,5980,2.980000e+04,1.516000e+04,1.412615e+04
2021-07-18T13:54:13.091,Cambrian,Info,5990,2.540000e+04,7.600000e+03,1.134813e+04
2021-07-18T14:00:26.645,Cambrian,Info,6000,2.480000e+04,4.960000e+03,1.109090e+04
2021-07-18T14:07:45.246,Cambrian,Info,6010,2.680000e+04,1.036000e+04,1.420028e+04
2021-07-18T14:15:10.581,Cambrian,Info,6020,2.440000e+04,9.760000e+03,1.336443e+04
2021-07-18T14:25:23.158,Cambrian,Info,6030,2.280000e+04,1.284000e+04,1.177829e+04
2021-07-18T14:34:46.231,Cambrian,Info,6040,2.000000e+04,6.640000e+03,9.404680e+03
2021-07-18T14:41:08.559,Cambrian,Info,6050,2.260000e+04,4.520000e+03,1.010703e+04
2021-07-18T14:48:42.212,Cambrian,Info,6060,2.660000e+04,1.020000e+04,1.390180e+04
2021-07-18T14:56:24.811,Cambrian,Info,6070,2.300000e+04,1.198000e+04,1.027920e+04
2021-07-18T15:08:03.115,Cambrian,Info,6080,2.260000e+04,4.540000e+03,1.009594e+04
2021-07-18T15:19:39.136,Cambrian,Info,6090,2.440000e+04,8.440000e+03,1.179017e+04
2021-07-18T15:33:05.360,Cambrian,Info,6100,2.820000e+04,1.056000e+04,1.451578e+04
2021-07-18T15:43:07.676,Cambrian,Info,6110,2.560000e+04,1.212000e+04,1.248167e+04
2021-07-18T15:49:55.270,Cambrian,Info,6120,2.560000e+04,1.272000e+04,1.243350e+04
2021-07-18T16:08:15.426,Cambrian,Info,6130,1.820000e+04,5.520000e+03,8.173861e+03
2021-07-18T16:22:47.019,Cambrian,Info,6140,2.360000e+04,7.420000e+03,1.076949e+04
2021-07-18T16:32:19.625,Cambrian,Info,6150,2.280000e+04,4.560000e+03,1.019647e+04
2021-07-18T16:56:27.047,Cambrian,Info,6160,2.260000e+04,5.500000e+03,9.657122e+03
2021-07-18T17:07:35.017,Cambrian,Info,6170,2.400000e+04,7.800000e+03,1.114451e+04
2021-07-18T17:25:40.150,Cambrian,Info,6180,2.460000e+04,6.080000e+03,1.065326e+04
2021-07-18T17:41:26.046,Cambrian,Info,6190,2.900000e+04,2.100000e+04,1.206482e+04
2021-07-18T17:47:55.179,Cambrian,Info,6200,2.040000e+04,4.260000e+03,9.025409e+03
2021-07-18T17:57:11.971,Cambrian,Info,6210,2.800000e+04,1.044000e+04,1.435855e+04
2021-07-18T18:03:43.821,Cambrian,Info,6220,2.740000e+04,5.480000e+03,1.225365e+04
2021-07-18T18:11:25.052,Cambrian,Info,6230,1.940000e+04,1.080000e+04,9.952889e+03
2021-07-18T18:23:38.796,Cambrian,Info,6240,2.040000e+04,1.494000e+04,6.031418e+03
2021-07-18T18:30:34.958,Cambrian,Info,6250,2.200000e+04,8.680000e+03,1.188747e+04
2021-07-18T18:37:01.631,Cambrian,Info,6260,2.220000e+04,1.132000e+04,1.111090e+04
2021-07-18T18:46:39.769,Cambrian,Info,6270,2.160000e+04,9.260000e+03,9.650285e+03
2021-07-18T18:58:34.147,Cambrian,Info,6280,2.380000e+04,9.960000e+03,1.258126e+04
2021-07-18T19:12:33.595,Cambrian,Info,6290,2.300000e+04,7.620000e+03,1.069822e+04
2021-07-18T19:24:04.720,Cambrian,Info,6300,2.540000e+04,1.436000e+04,1.262886e+04
2021-07-18T19:33:23.012,Cambrian,Info,6310,2.720000e+04,1.500000e+04,1.378115e+04
2021-07-18T19:45:16.056,Cambrian,Info,6320,2.380000e+04,1.130000e+04,1.162884e+04
2021-07-18T19:56:57.831,Cambrian,Info,6330,2.460000e+04,1.008000e+04,1.128415e+04
2021-07-18T20:04:48.488,Cambrian,Info,6340,2.760000e+04,1.656000e+04,1.511714e+04
2021-07-18T20:15:13.753,Cambrian,Info,6350,2.740000e+04,1.460000e+04,1.362571e+04
2021-07-18T20:22:13.824,Cambrian,Info,6360,2.760000e+04,1.568000e+04,1.439833e+04
2021-07-18T20:29:11.922,Cambrian,Info,6370,2.380000e+04,8.680000e+03,1.197798e+04
2021-07-18T20:42:19.165,Cambrian,Info,6380,2.440000e+04,1.594000e+04,6.809405e+03
2021-07-18T20:55:07.454,Cambrian,Info,6390,2.800000e+04,8.800000e+03,1.277498e+04
2021-07-18T21:10:21.312,Cambrian,Info,6400,2.540000e+04,5.080000e+03,1.135923e+04
2021-07-18T21:22:22.764,Cambrian,Info,6410,2.040000e+04,7.100000e+03,9.901010e+03
2021-07-18T21:32:39.168,Cambrian,Info,6420,2.540000e+04,9.640000e+03,1.323208e+04
2021-07-18T21:43:29.997,Cambrian,Info,6430,2.560000e+04,1.920000e+04,1.047187e+04
2021-07-18T21:51:26.489,Cambrian,Info,6440,2.540000e+04,2.054000e+04,9.531946e+03
2021-07-18T21:58:03.435,Cambrian,Info,6450,2.260000e+04,1.120000e+04,1.070234e+04
2021-07-18T22:05:31.561,Cambrian,Info,6460,2.600000e+04,1.300000e+04,1.238225e+04
2021-07-18T22:15:22.900,Cambrian,Info,6470,2.600000e+04,1.074000e+04,1.320182e+04
2021-07-18T22:26:38.509,Cambrian,Info,6480,2.520000e+04,1.376000e+04,1.271645e+04
2021-07-18T22:33:08.202,Cambrian,Info,6490,2.020000e+04,4.040000e+03,9.033715e+03
2021-07-18T22:39:43.949,Cambrian,Info,6500,2.520000e+04,7.800000e+03,1.061320e+04
2021-07-18T22:47:14.417,Cambrian,Info,6510,1.940000e+04,9.560000e+03,9.262181e+03
2021-07-18T22:57:05.730,Cambrian,Info,6520,2.860000e+04,1.752000e+04,1.394084e+04
2021-07-18T23:11:31.399,Cambrian,Info,6530,2.360000e+04,7.120000e+03,1.054879e+04
2021-07-18T23:28:15.268,Cambrian,Info,6540,2.900000e+04,1.116000e+04,1.530124e+04
2021-07-18T23:34:20.010,Cambrian,Info,6550,0.000000e+00,0.000000e+00,0.000000e+00
2021-07-18T23:42:20.362,Cambrian,Info,6560,0.000000e+00,0.000000e+00,0.000000e+00
2021-07-18T23:52:33.079,Cambrian,Info,6570,8.600000e+03,2.580000e+03,3.743261e+03
2021-07-19T00:02:22.920,Cambrian,Info,6580,1.560000e+04,5.920000e+03,8.126008e+03
2021-07-19T00:08:09.788,Cambrian,Info,6590,2.940000e+04,1.096000e+04,1.507408e+04
2021-07-19T00:17:54.658,Cambrian,Info,6600,2.280000e+04,9.080000e+03,1.243350e+04
2021-07-19T00:25:54.099,Cambrian,Info,6610,2.560000e+04,1.418000e+04,9.762274e+03
2021-07-19T00:34:12.283,Cambrian,Info,6620,2.500000e+04,1.276000e+04,1.199116e+04
2021-07-19T00:45:39.465,Cambrian,Info,6630,2.480000e+04,5.000000e+03,1.106888e+04
2021-07-19T00:54:13.056,Cambrian,Info,6640,2.420000e+04,5.640000e+03,1.051894e+04
2021-07-19T01:00:51.033,Cambrian,Info,6650,2.820000e+04,1.108000e+04,1.385323e+04
2021-07-19T01:10:45.974,Cambrian,Info,6660,2.900000e+04,1.556000e+04,1.438430e+04
2021-07-19T01:26:16.254,Cambrian,Info,6670,2.380000e+04,1.808000e+04,1.015145e+04
2021-07-19T01:36:28.279,Cambrian,Info,6680,2.560000e+04,1.024000e+04,1.402170e+04
2021-07-19T01:47:56.740,Cambrian,Info,6690,2.760000e+04,9.840000e+03,1.363994e+04
2021-07-19T01:57:26.596,Cambrian,Info,6700,2.540000e+04,9.840000e+03,1.348584e+04
2021-07-19T02:08:08.106,Cambrian,Info,6710,2.580000e+04,9.760000e+03,1.340104e+04
2021-07-19T02:16:59.918,Cambrian,Info,6720,2.500000e+04,6.440000e+03,1.083365e+04
2021-07-19T02:24:39.646,Cambrian,Info,6730,2.000000e+04,4.000000e+03,8.944272e+03
2021-07-19T02:35:48.298,Cambrian,Info,6740,2.440000e+04,1.696000e+04,1.009099e+04
2021-07-19T02:43:51.913,Cambrian,Info,6750,2.440000e+04,8.280000e+03,1.033789e+04
2021-07-19T02:56:12.039,Cambrian,Info,6760,2.480000e+04,1.158000e+04,1.231917e+04
2021-07-19T03:09:56.528,Cambrian,Info,6770,2.020000e+04,9.960000e+03,7.628434e+03
2021-07-19T03:25:11.171,Cambrian,Info,6780,3.280000e+04,1.648000e+04,1.554001e+04
2021-07-19T03:42:48.449,Cambrian,Info,6790,2.900000e+04,1.708000e+04,1.560551e+04
2021-07-19T03:53:07.062,Cambrian,Info,6800,2.460000e+04,1.360000e+04,1.247638e+04
2021-07-19T04:07:31.840,Cambrian,Info,6810,2.720000e+04,1.116000e+04,1.389705e+04
2021-07-19T04:16:23.533,Cambrian,Info,6820,2.480000e+04,1.372000e+04,9.529533e+03
2021-07-19T04:29:42.292,Cambrian,Info,6830,2.680000e+04,9.920000e+03,1.365694e+04
2021-07-19T04:40:32.487,Cambrian,Info,6840,2.580000e+04,9.040000e+03,1.258364e+04
2021-07-19T04:47:07.059,Cambrian,Info,6850,2.380000e+04,4.840000e+03,1.060038e+04
2021-07-19T04:53:40.701,Cambrian,Info,6860,2.500000e+04,1.104000e+04,1.262173e+04
2021-07-19T05:00:49.223,Cambrian,Info,6870,2.020000e+04,8.360000e+03,9.356709e+03
2021-07-19T05:06:24.817,Cambrian,Info,6880,2.240000e+04,6.200000e+03,9.791833e+03
2021-07-19T05:12:12.609,Cambrian,Info,6890,2.540000e+04,1.012000e+04,1.385756e+04
2021-07-19T05:18:23.931,Cambrian,Info,6900,2.420000e+04,1.044000e+04,1.040038e+04
2021-07-19T05:24:43.950,Cambrian,Info,6910,2.340000e+04,1.128000e+04,1.087069e+04
2021-07-19T05:34:28.416,Cambrian,Info,6920,2.060000e+04,7.520000e+03,1.037555e+04
2021-07-19T05:48:13.260,Cambrian,Info,6930,2.120000e+04,1.528000e+04,8.734529e+03
2021-07-19T06:03:32.541,Cambrian,Info,6940,2.580000e+04,5.160000e+03,1.153811e+04
2021-07-19T06:15:30.393,Cambrian,Info,6950,1.340000e+04,2.680000e+03,5.992662e+03
2021-07-19T06:23:40.285,Cambrian,Info,6960,2.180000e+04,1.166000e+04,1.070084e+04
2021-07-19T06:32:03.617,Cambrian,Info,6970,2.500000e+04,9.480000e+03,1.301353e+04
2021-07-19T06:43:22.489,Cambrian,Info,6980,2.300000e+04,4.600000e+03,1.028591e+04
2021-07-19T06:50:24.248,Cambrian,Info,6990,1.160000e+04,2.380000e+03,5.155773e+03
2021-07-19T06:58:05.692,Cambrian,Info,7000,2.000000e+04,8.460000e+03,9.714834e+03
2021-07-19T07:11:21.672,Cambrian,Info,7010,1.780000e+04,1.266000e+04,4.920163e+03
2021-07-19T07:31:45.876,Cambrian,Info,7020,1.400000e+04,7.960000e+03,6.759290e+03
2021-07-19T07:49:25.201,Cambrian,Info,7030,2.760000e+04,1.296000e+04,1.191419e+04
2021-07-19T08:07:13.030,Cambrian,Info,7040,1.580000e+04,1.094000e+04,5.505270e+03
2021-07-19T08:23:42.298,Cambrian,Info,7050,2.400000e+04,1.908000e+04,1.066921e+04
2021-07-19T08:42:13.723,Cambrian,Info,7060,1.740000e+04,7.360000e+03,7.347653e+03
2021-07-19T09:00:11.149,Cambrian,Info,7070,2.420000e+04,1.492000e+04,9.187600e+03
2021-07-19T09:16:34.398,Cambrian,Info,7080,2.560000e+04,2.248000e+04,3.116408e+03
2021-07-19T09:30:08.594,Cambrian,Info,7090,2.560000e+04,1.696000e+04,1.130787e+04
2021-07-19T09:39:38.382,Cambrian,Info,7100,2.520000e+04,1.834000e+04,7.612358e+03
2021-07-19T09:45:57.453,Cambrian,Info,7110,2.760000e+04,1.864000e+04,1.085670e+04
2021-07-19T09:57:28.107,Cambrian,Info,7120,2.580000e+04,2.340000e+04,1.496663e+03
2021-07-19T10:09:28.986,Cambrian,Info,7130,2.760000e+04,2.084000e+04,1.172212e+04
2021-07-19T10:24:11.592,Cambrian,Info,7140,2.820000e+04,2.572000e+04,1.879362e+03
2021-07-19T10:42:21.696,Cambrian,Info,7150,2.640000e+04,2.116000e+04,5.299811e+03
2021-07-19T11:04:32.192,Cambrian,Info,7160,2.640000e+04,1.052000e+04,1.440528e+04
2021-07-19T11:18:25.276,Cambrian,Info,7170,2.540000e+04,1.888000e+04,1.066452e+04
2021-07-19T11:33:50.749,Cambrian,Info,7180,2.840000e+04,2.124000e+04,1.192845e+04
2021-07-19T11:50:39.900,Cambrian,Info,7190,2.860000e+04,1.796000e+04,1.111611e+04
2021-07-19T12:03:48.808,Cambrian,Info,7200,2.480000e+04,1.752000e+04,1.035625e+04
2021-07-19T12:25:41.324,Cambrian,Info,7210,2.840000e+04,2.404000e+04,3.389395e+03
2021-07-19T12:44:20.649,Cambrian,Info,7220,2.540000e+04,1.978000e+04,8.854490e+03
2021-07-19T12:56:04.811,Cambrian,Info,7230,2.560000e+04,1.008000e+04,1.380551e+04
2021-07-19T13:06:38.333,Cambrian,Info,7240,2.440000e+04,8.440000e+03,1.179017e+04
2021-07-19T13:15:49.677,Cambrian,Info,7250,2.560000e+04,1.004000e+04,1.375238e+04
2021-07-19T13:30:14.006,Cambrian,Info,7260,2.510000e+04,7.600000e+03,1.126521e+04
2021-07-19T13:40:43.075,Cambrian,Info,7270,2.780000e+04,1.880000e+04,1.112025e+04
2021-07-19T13:50:16.975,Cambrian,Info,7280,2.340000e+04,1.704000e+04,4.162691e+03
2021-07-19T13:57:33.088,Cambrian,Info,7290,2.520000e+04,2.044000e+04,3.742726e+03
2021-07-19T14:06:10.448,Cambrian,Info,7300,1.380000e+04,5.260000e+03,5.737421e+03
2021-07-19T14:11:58.924,Cambrian,Info,7310,2.440000e+04,6.480000e+03,1.021920e+04
2021-07-19T14:19:16.962,Cambrian,Info,7320,1.100000e+04,4.900000e+03,5.414795e+03
2021-07-19T14:31:56.917,Cambrian,Info,7330,2.120000e+04,1.124000e+04,1.040038e+04
2021-07-19T14:48:43.901,Cambrian,Info,7340,2.620000e+04,1.480000e+04,1.362424e+04
2021-07-19T14:57:02.103,Cambrian,Info,7350,1.220000e+04,7.600000e+03,4.701595e+03
2021-07-19T15:03:33.172,Cambrian,Info,7360,2.740000e+04,1.604000e+04,1.464814e+04
2021-07-19T15:13:44.730,Cambrian,Info,7370,2.820000e+04,1.800000e+04,1.146124e+04
2021-07-19T15:33:29.886,Cambrian,Info,7380,2.300000e+04,1.076000e+04,1.056352e+04
2021-07-19T15:50:57.384,Cambrian,Info,7390,2.840000e+04,2.236000e+04,7.325845e+03
2021-07-19T16:05:36.739,Cambrian,Info,7400,2.860000e+04,2.244000e+04,1.115563e+04
2021-07-19T16:13:45.234,Cambrian,Info,7410,2.780000e+04,1.872000e+04,1.085781e+04
2021-07-19T16:28:24.016,Cambrian,Info,7420,2.200000e+04,1.336000e+04,1.023367e+04
2021-07-19T16:38:12.334,Cambrian,Info,7430,2.380000e+04,1.260000e+04,1.179661e+04
2021-07-19T16:54:40.247,Cambrian,Info,7440,2.680000e+04,1.326000e+04,1.221876e+04
2021-07-19T17:04:05.933,Cambrian,Info,7450,1.240000e+04,7.320000e+03,6.171467e+03
2021-07-19T17:11:28.163,Cambrian,Info,7460,1.260000e+04,4.160000e+03,5.708590e+03
2021-07-19T17:19:26.626,Cambrian,Info,7470,2.280000e+04,8.680000e+03,1.191100e+04
2021-07-19T17:26:01.405,Cambrian,Info,7480,2.520000e+04,8.720000e+03,1.217998e+04
2021-07-19T17:33:12.430,Cambrian,Info,7490,2.840000e+04,1.536000e+04,1.374001e+04
2021-07-19T17:49:01.928,Cambrian,Info,7500,2.580000e+04,1.016000e+04,1.391503e+04
2021-07-19T17:56:47.671,Cambrian,Info,7510,1.860000e+04,7.400000e+03,7.772065e+03
2021-07-19T18:10:19.346,Cambrian,Info,7520,2.640000e+04,1.480000e+04,1.346625e+04
2021-07-19T18:27:27.185,Cambrian,Info,7530,2.720000e+04,1.814000e+04,1.112915e+04
2021-07-19T18:34:39.271,Cambrian,Info,7540,3.080000e+04,1.070000e+04,1.270669e+04
2021-07-19T18:42:12.723,Cambrian,Info,7550,2.780000e+04,1.624000e+04,1.254544e+04
2021-07-19T18:48:36.776,Cambrian,Info,7560,2.260000e+04,1.578000e+04,9.395850e+03
2021-07-19T18:56:12.172,Cambrian,Info,7570,1.720000e+04,3.440000e+03,7.692074e+03
2021-07-19T19:02:55.608,Cambrian,Info,7580,1.080000e+04,3.420000e+03,4.945907e+03
2021-07-19T19:10:47.737,Cambrian,Info,7590,2.420000e+04,1.084000e+04,1.059283e+04
2021-07-19T19:16:58.714,Cambrian,Info,7600,2.500000e+04,1.214000e+04,1.241443e+04
2021-07-19T19:29:02.317,Cambrian,Info,7610,2.420000e+04,4.840000e+03,1.082257e+04
2021-07-19T19:40:37.449,Cambrian,Info,7620,2.700000e+04,1.584000e+04,1.446472e+04
2021-07-19T19:56:28.281,Cambrian,Info,7630,2.420000e+04,1.204000e+04,1.127865e+04
2021-07-19T20:05:33.591,Cambrian,Info,7640,2.220000e+04,1.216000e+04,1.116906e+04
2021-07-19T20:15:19.652,Cambrian,Info,7650,1.290000e+04,5.120000e+03,7.011205e+03
2021-07-19T20:27:54.374,Cambrian,Info,7660,1.900000e+04,3.800000e+03,8.497058e+03
2021-07-19T20:38:58.932,Cambrian,Info,7670,1.540000e+04,6.800000e+03,7.598684e+03
2021-07-19T20:47:41.915,Cambrian,Info,7680,2.620000e+04,5.260000e+03,1.170590e+04
2021-07-19T20:54:59.219,Cambrian,Info,7690,2.620000e+04,1.666000e+04,9.383922e+03
2021-07-19T21:04:40.625,Cambrian,Info,7700,2.600000e+04,7.840000e+03,1.165024e+04
2021-07-19T21:11:29.890,Cambrian,Info,7710,2.360000e+04,1.128000e+04,1.115132e+04
2021-07-19T21:22:18.217,Cambrian,Info,7720,2.480000e+04,7.520000e+03,1.113697e+04
2021-07-19T21:33:12.819,Cambrian,Info,7730,2.260000e+04,1.006000e+04,1.117085e+04
2021-07-19T21:41:26.712,Cambrian,Info,7740,2.660000e+04,1.188000e+04,1.348080e+04
2021-07-19T21:54:39.057,Cambrian,Info,7750,2.780000e+04,1.094000e+04,1.493881e+04
2021-07-19T22:07:20.436,Cambrian,Info,7760,2.400000e+04,6.960000e+03,1.061169e+04
2021-07-19T22:24:41.918,Cambrian,Info,7770,2.480000e+04,1.468000e+04,1.323148e+04
2021-07-19T22:39:00.635,Cambrian,Info,7780,2.940000e+04,2.320000e+04,7.428324e+03
2021-07-19T22:51:28.570,Cambrian,Info,7790,2.340000e+04,1.476000e+04,9.139365e+03
2021-07-19T23:02:20.116,Cambrian,Info,7800,2.400000e+04,9.140000e+03,1.232875e+04
2021-07-19T23:16:13.865,Cambrian,Info,7810,2.640000e+04,1.988000e+04,1.122551e+04
2021-07-19T23:25:45.609,Cambrian,Info,7820,2.600000e+04,5.200000e+03,1.162755e+04
2021-07-19T23:35:43.934,Cambrian,Info,7830,2.780000e+04,1.916000e+04,1.215845e+04
2021-07-19T23:45:10.396,Cambrian,Info,7840,2.540000e+04,9.700000e+03,1.052331e+04
2021-07-19T23:50:41.989,Cambrian,Info,7850,2.500000e+04,1.038000e+04,9.813358e+03
2021-07-19T23:57:04.981,Cambrian,Info,7860,2.380000e+04,9.760000e+03,1.282607e+04
2021-07-20T00:02:08.919,Cambrian,Info,7870,2.220000e+04,4.920000e+03,9.715555e+03
2021-07-20T00:11:07.852,Cambrian,Info,7880,1.900000e+04,1.032000e+04,7.960653e+03
2021-07-20T00:25:19.048,Cambrian,Info,7890,1.140000e+04,3.640000e+03,5.242900e+03
2021-07-20T00:35:12.432,Cambrian,Info,7900,1.460000e+04,1.008000e+04,5.821684e+03
2021-07-20T00:50:06.094,Cambrian,Info,7910,2.820000e+04,1.544000e+04,1.425300e+04
2021-07-20T00:56:06.092,Cambrian,Info,7920,2.480000e+04,1.032000e+04,1.104228e+04
2021-07-20T01:05:39.901,Cambrian,Info,7930,2.680000e+04,5.700000e+03,1.181821e+04
2021-07-20T01:12:42.915,Cambrian,Info,7940,2.160000e+04,9.060000e+03,9.966845e+03
2021-07-20T01:18:46.313,Cambrian,Info,7950,2.320000e+04,4.640000e+03,1.037536e+04
2021-07-20T01:25:49.541,Cambrian,Info,7960,1.300000e+04,6.980000e+03,5.368612e+03
2021-07-20T01:33:04.606,Cambrian,Info,7970,2.740000e+04,8.600000e+03,1.249320e+04
2021-07-20T01:40:28.251,Cambrian,Info,7980,2.380000e+04,1.136000e+04,1.079018e+04
2021-07-20T01:52:59.834,Cambrian,Info,7990,2.640000e+04,5.320000e+03,1.178440e+04
2021-07-20T02:11:47.388,Cambrian,Info,8000,2.700000e+04,1.480000e+04,1.370036e+04
2021-07-20T02:29:52.164,Cambrian,Info,8010,2.320000e+04,7.380000e+03,1.049295e+04
2021-07-20T02:44:26.656,Cambrian,Info,8020,2.720000e+04,1.592000e+04,1.444894e+04
2021-07-20T02:57:48.417,Cambrian,Info,8030,2.240000e+04,6.080000e+03,9.758688e+03
2021-07-20T03:09:19.523,Cambrian,Info,8040,2.720000e+04,1.280000e+04,1.254751e+04
2021-07-20T03:23:21.223,Cambrian,Info,8050,2.600000e+04,1.472000e+04,1.346744e+04
2021-07-20T03:33:35.906,Cambrian,Info,8060,2.480000e+04,4.960000e+03,1.109090e+04
2021-07-20T03:43:25.024,Cambrian,Info,8070,2.540000e+04,6.600000e+03,1.101272e+04
2021-07-20T03:50:32.708,Cambrian,Info,8080,2.650000e+04,1.270000e+04,1.226866e+04
2021-07-20T03:57:47.261,Cambrian,Info,8090,2.360000e+04,1.104000e+04,1.083919e+04
2021-07-20T04:05:35.085,Cambrian,Info,8100,2.280000e+04,8.620000e+03,9.523235e+03
2021-07-20T04:13:27.309,Cambrian,Info,8110,2.500000e+04,9.560000e+03,1.221917e+04
2021-07-20T04:21:30.730,Cambrian,Info,8120,2.720000e+04,1.474000e+04,1.355426e+04
2021-07-20T04:29:20.428,Cambrian,Info,8130,2.480000e+04,1.360000e+04,1.263962e+04
2021-07-20T04:36:07.441,Cambrian,Info,8140,2.500000e+04,9.200000e+03,1.267675e+04
2021-07-20T04:45:32.211,Cambrian,Info,8150,2.780000e+04,1.512000e+04,1.390295e+04
2021-07-20T04:52:52.571,Cambrian,Info,8160,2.200000e+04,1.240000e+04,1.065927e+04
2021-07-20T05:15:37.999,Cambrian,Info,8170,2.440000e+04,6.480000e+03,1.026314e+04
2021-07-20T05:38:08.417,Cambrian,Info,8180,2.840000e+04,5.680000e+03,1.270087e+04
2021-07-20T05:50:14.684,Cambrian,Info,8190,2.560000e+04,1.148000e+04,1.157204e+04
2021-07-20T06:04:41.079,Cambrian,Info,8200,2.620000e+04,8.440000e+03,1.146246e+04
2021-07-20T06:13:25.344,Cambrian,Info,8210,2.260000e+04,1.220000e+04,1.122408e+04
2021-07-20T06:22:09.126,Cambrian,Info,8220,2.340000e+04,8.960000e+03,1.228934e+04
2021-07-20T06:39:01.278,Cambrian,Info,8230,2.560000e+04,5.120000e+03,1.144867e+04
2021-07-20T06:50:23.568,Cambrian,Info,8240,2.920000e+04,1.376000e+04,1.375965e+04
2021-07-20T07:05:51.087,Cambrian,Info,8250,2.240000e+04,8.840000e+03,1.210653e+04
2021-07-20T07:22:16.362,Cambrian,Info,8260,2.400000e+04,5.120000e+03,1.057696e+04
2021-07-20T07:38:01.968,Cambrian,Info,8270,2.740000e+04,5.480000e+03,1.225365e+04
2021-07-20T07:48:35.710,Cambrian,Info,8280,2.440000e+04,5.080000e+03,1.080889e+04
2021-07-20T08:00:23.151,Cambrian,Info,8290,2.480000e+04,4.960000e+03,1.109090e+04
2021-07-20T08:10:53.459,Cambrian,Info,8300,2.420000e+04,7.460000e+03,1.094294e+04
2021-07-20T08:24:05.392,Cambrian,Info,8310,2.640000e+04,1.540000e+04,1.406698e+04
2021-07-20T08:39:05.225,Cambrian,Info,8320,1.820000e+04,5.800000e+03,8.361818e+03
2021-07-20T08:48:25.689,Cambrian,Info,8330,2.440000e+04,7.360000e+03,1.093472e+04
2021-07-20T08:58:55.875,Cambrian,Info,8340,2.720000e+04,1.016000e+04,1.397025e+04
2021-07-20T09:10:59.418,Cambrian,Info,8350,2.400000e+04,7.440000e+03,1.087971e+04
2021-07-20T09:26:24.504,Cambrian,Info,8360,2.760000e+04,7.040000e+03,1.195525e+04
2021-07-20T09:38:12.551,Cambrian,Info,8370,2.520000e+04,6.080000e+03,1.087828e+04
2021-07-20T09:51:33.743,Cambrian,Info,8380,2.580000e+04,6.140000e+03,1.119321e+04
2021-07-20T10:00:06.954,Cambrian,Info,8390,2.560000e+04,1.076000e+04,1.096941e+04
2021-07-20T10:11:49.653,Cambrian,Info,8400,2.510000e+04,1.390000e+04,1.274716e+04
2021-07-20T10:23:52.232,Cambrian,Info,8410,1.400000e+04,5.080000e+03,7.016552e+03
2021-07-20T10:32:29.156,Cambrian,Info,8420,2.740000e+04,1.302000e+04,1.327524e+04
2021-07-20T10:45:05.745,Cambrian,Info,8430,2.480000e+04,5.020000e+03,1.105812e+04
2021-07-20T10:59:04.104,Cambrian,Info,8440,2.340000e+04,8.720000e+03,1.199383e+04
2021-07-20T11:12:10.778,Cambrian,Info,8450,2.640000e+04,5.280000e+03,1.180644e+04
2021-07-20T11:25:56.379,Cambrian,Info,8460,2.760000e+04,1.988000e+04,1.124598e+04
2021-07-20T11:36:49.955,Cambrian,Info,8470,2.760000e+04,8.920000e+03,1.277623e+04
2021-07-20T11:44:56.847,Cambrian,Info,8480,2.000000e+04,5.520000e+03,8.616960e+03
2021-07-20T11:52:03.091,Cambrian,Info,8490,2.840000e+04,1.604000e+04,1.462765e+04
2021-07-20T11:59:12.554,Cambrian,Info,8500,2.720000e+04,1.380000e+04,1.288099e+04
2021-07-20T12:06:04.463,Cambrian,Info,8510,2.440000e+04,4.880000e+03,1.091201e+04
2021-07-20T12:15:11.273,Cambrian,Info,8520,2.520000e+04,9.680000e+03,1.327373e+04
2021-07-20T12:29:00.167,Cambrian,Info,8530,2.340000e+04,1.772000e+04,6.865275e+03
2021-07-20T12:41:01.835,Cambrian,Info,8540,2.520000e+04,1.634000e+04,1.062158e+04
2021-07-20T12:50:14.655,Cambrian,Info,8550,2.780000e+04,1.188000e+04,1.211330e+04
2021-07-20T13:02:05.765,Cambrian,Info,8560,1.640000e+04,3.720000e+03,7.152063e+03
2021-07-20T13:13:49.259,Cambrian,Info,8570,2.240000e+04,1.240000e+04,1.137014e+04
2021-07-20T13:24:16.626,Cambrian,Info,8580,2.540000e+04,8.040000e+03,1.162962e+04
2021-07-20T13:33:34.092,Cambrian,Info,8590,2.480000e+04,1.344000e+04,1.236398e+04
2021-07-20T13:44:17.947,Cambrian,Info,8600,2.600000e+04,2.088000e+04,6.104670e+03
2021-07-20T14:00:34.279,Cambrian,Info,8610,2.860000e+04,1.236000e+04,1.405233e+04
2021-07-20T14:15:24.724,Cambrian,Info,8620,2.280000e+04,5.560000e+03,9.738994e+03
2021-07-20T14:27:08.552,Cambrian,Info,8630,2.660000e+04,8.880000e+03,1.255118e+04
2021-07-20T14:35:40.877,Cambrian,Info,8640,2.400000e+04,1.196000e+04,1.185445e+04
2021-07-20T14:46:22.099,Cambrian,Info,8650,2.520000e+04,5.280000e+03,1.114774e+04
2021-07-20T14:56:51.543,Cambrian,Info,8660,2.340000e+04,6.640000e+03,9.944999e+03
2021-07-20T15:08:59.168,Cambrian,Info,8670,2.520000e+04,6.040000e+03,1.078925e+04
2021-07-20T15:20:49.039,Cambrian,Info,8680,1.600000e+04,5.640000e+03,7.838877e+03
2021-07-20T15:34:30.163,Cambrian,Info,8690,2.380000e+04,1.380000e+04,1.094258e+04
2021-07-20T15:47:24.339,Cambrian,Info,8700,2.820000e+04,1.708000e+04,1.326394e+04
2021-07-20T15:58:18.999,Cambrian,Info,8710,1.590000e+04,4.540000e+03,6.999857e+03
2021-07-20T16:05:45.228,Cambrian,Info,8720,2.320000e+04,1.244000e+04,1.147380e+04
2021-07-20T16:15:10.075,Cambrian,Info,8730,2.470000e+04,1.734000e+04,9.899394e+03
2021-07-20T16:24:24.874,Cambrian,Info,8740,2.340000e+04,1.648000e+04,9.388930e+03
2021-07-20T16:38:50.606,Cambrian,Info,8750,2.320000e+04,1.256000e+04,1.141087e+04
2021-07-20T16:48:32.947,Cambrian,Info,8760,2.420000e+04,8.960000e+03,1.233483e+04
2021-07-20T17:01:55.479,Cambrian,Info,8770,2.440000e+04,9.080000e+03,1.224386e+04
2021-07-20T17:13:47.089,Cambrian,Info,8780,2.680000e+04,1.444000e+04,1.354282e+04
2021-07-20T17:26:36.359,Cambrian,Info,8790,2.600000e+04,1.120000e+04,1.108963e+04
2021-07-20T17:37:26.072,Cambrian,Info,8800,2.460000e+04,1.204000e+04,1.168366e+04
2021-07-20T17:52:16.875,Cambrian,Info,8810,2.640000e+04,1.036000e+04,1.419042e+04
2021-07-20T18:03:34.834,Cambrian,Info,8820,2.740000e+04,1.532000e+04,1.403253e+04
2021-07-20T18:12:13.450,Cambrian,Info,8830,2.820000e+04,1.072000e+04,1.471231e+04
2021-07-20T18:19:16.337,Cambrian,Info,8840,2.320000e+04,5.480000e+03,1.007135e+04
2021-07-20T18:29:03.017,Cambrian,Info,8850,2.360000e+04,1.328000e+04,1.217670e+04
2021-07-20T18:45:37.582,Cambrian,Info,8860,2.240000e+04,7.440000e+03,9.593383e+03
2021-07-20T18:56:52.189,Cambrian,Info,8870,1.020000e+04,4.680000e+03,4.520177e+03
2021-07-20T19:06:24.721,Cambrian,Info,8880,2.620000e+04,7.560000e+03,1.156754e+04
2021-07-20T19:17:45.928,Cambrian,Info,8890,2.320000e+04,1.264000e+04,1.161585e+04
2021-07-20T19:29:59.068,Cambrian,Info,8900,2.260000e+04,8.320000e+03,1.146351e+04
