2021-09-01T18:03:06.336,Cambrian,Info,0020,2.400000e+01,-5.400000e+00,2.996331e+01
2021-09-01T18:22:01.825,Cambrian,Info,0040,2.400000e+01,-1.000000e+00,1.519868e+01
2021-09-01T18:37:43.176,Cambrian,Info,0060,3.100000e+01,7.600000e+00,1.314534e+01
2021-09-01T18:51:17.317,Cambrian,Info,0080,3.100000e+01,1.300000e+01,1.643168e+01
2021-09-01T19:09:08.338,Cambrian,Info,0100,3.100000e+01,6.800000e+00,1.355360e+01
2021-09-01T19:21:57.462,Cambrian,Info,0120,3.100000e+01,5.800000e+00,1.432480e+01
2021-09-01T19:35:04.382,Cambrian,Info,0140,3.100000e+01,1.400000e+01,1.565248e+01
2021-09-01T19:44:57.208,Cambrian,Info,0160,3.100000e+01,7.400000e+00,1.322120e+01
2021-09-01T19:55:12.031,Cambrian,Info,0180,3.100000e+01,1.300000e+01,1.643168e+01
2021-09-01T20:08:39.846,Cambrian,Info,0200,3.100000e+01,7.200000e+00,1.331165e+01
2021-09-01T20:23:59.668,Cambrian,Info,0220,3.800000e+01,6.600000e+00,1.835211e+01
2021-09-01T20:36:58.785,Cambrian,Info,0240,4.200000e+01,9.000000e+00,1.845264e+01
2021-09-01T20:47:05.656,Cambrian,Info,0260,5.000000e+01,8.800000e+00,4.012107e+01
2021-09-01T20:57:17.696,Cambrian,Info,0280,5.500000e+01,-8.000000e-01,5.457747e+01
2021-09-01T21:06:46.834,Cambrian,Info,0300,5.500000e+01,-1.180000e+01,4.535637e+01
2021-09-01T21:18:54.918,Cambrian,Info,0320,5.500000e+01,2.280000e+01,2.939728e+01
2021-09-01T21:29:47.794,Cambrian,Info,0340,5.500000e+01,1.280000e+01,2.368966e+01
2021-09-01T21:44:54.770,Cambrian,Info,0360,5.500000e+01,1.240000e+01,2.384953e+01
2021-09-01T21:54:46.767,Cambrian,Info,0380,5.500000e+01,7.000000e+00,2.750455e+01
2021-09-01T22:06:37.148,Cambrian,Info,0400,5.500000e+01,2.260000e+01,2.957702e+01
2021-09-01T22:19:28.499,Cambrian,Info,0420,5.700000e+01,1.200000e+00,3.934717e+01
2021-09-01T22:30:22.380,Cambrian,Info,0440,5.700000e+01,1.220000e+01,2.504396e+01
2021-09-01T22:41:56.872,Cambrian,Info,0460,5.700000e+01,1.800000e+00,3.499571e+01
2021-09-01T22:50:31.152,Cambrian,Info,0480,5.700000e+01,-1.300000e+01,7.391549e+01
2021-09-01T23:02:25.862,Cambrian,Info,0500,5.700000e+01,2.260000e+01,3.144519e+01
2021-09-01T23:14:13.725,Cambrian,Info,0520,5.700000e+01,-4.000000e-01,3.584411e+01
2021-09-01T23:25:30.745,Cambrian,Info,0540,5.700000e+01,2.780000e+01,2.721580e+01
2021-09-01T23:35:03.129,Cambrian,Info,0560,5.700000e+01,2.640000e+01,4.433734e+01
2021-09-01T23:43:50.546,Cambrian,Info,0580,6.500000e+01,3.860000e+01,3.617734e+01
2021-09-01T23:50:57.093,Cambrian,Info,0600,6.500000e+01,3.420000e+01,3.305601e+01
2021-09-02T00:03:39.953,Cambrian,Info,0620,6.600000e+01,1.340000e+01,2.943297e+01
2021-09-02T00:19:50.546,Cambrian,Info,0640,6.600000e+01,1.420000e+01,2.896032e+01
2021-09-02T00:37:54.067,Cambrian,Info,0660,6.600000e+01,2.700000e+01,3.560899e+01
2021-09-02T00:52:38.898,Cambrian,Info,0680,6.600000e+01,2.080000e+01,3.220559e+01
2021-09-02T01:05:12.879,Cambrian,Info,0700,6.700000e+01,2.620000e+01,3.729209e+01
2021-09-02T01:16:57.387,Cambrian,Info,0720,6.700000e+01,2.620000e+01,3.727197e+01
2021-09-02T01:27:22.975,Cambrian,Info,0740,6.700000e+01,-4.640000e+01,7.701493e+01
2021-09-02T01:37:23.582,Cambrian,Info,0760,6.700000e+01,1.100000e+01,3.148015e+01
2021-09-02T01:49:04.760,Cambrian,Info,0780,6.700000e+01,7.000000e+00,3.368234e+01
2021-09-02T01:57:24.090,Cambrian,Info,0800,6.700000e+01,2.720000e+01,3.658142e+01
2021-09-02T02:09:23.367,Cambrian,Info,0820,6.700000e+01,3.080000e+01,3.327461e+01
2021-09-02T02:21:15.352,Cambrian,Info,0840,7.000000e+01,1.320000e+01,3.197186e+01
2021-09-02T02:33:28.562,Cambrian,Info,0860,7.000000e+01,3.600000e+00,4.402613e+01
2021-09-02T02:43:45.686,Cambrian,Info,0880,7.000000e+01,1.160000e+01,3.337364e+01
2021-09-02T02:50:57.680,Cambrian,Info,0900,7.000000e+01,1.360000e+01,5.178127e+01
2021-09-02T02:57:18.981,Cambrian,Info,0920,7.000000e+01,1.260000e+01,3.223042e+01
2021-09-02T03:08:38.633,Cambrian,Info,0940,7.000000e+01,4.100000e+01,3.662649e+01
2021-09-02T03:23:29.749,Cambrian,Info,0960,7.000000e+01,2.180000e+01,3.091440e+01
2021-09-02T03:35:14.520,Cambrian,Info,0980,7.000000e+01,2.920000e+01,3.476636e+01
2021-09-02T03:44:21.765,Cambrian,Info,1000,7.000000e+01,4.240000e+01,3.779286e+01
2021-09-02T03:53:33.631,Cambrian,Info,1020,7.000000e+01,-4.400000e+00,6.791760e+01
2021-09-02T04:02:17.247,Cambrian,Info,1040,7.000000e+01,-7.800000e+00,5.107054e+01
2021-09-02T04:13:10.387,Cambrian,Info,1060,7.000000e+01,2.860000e+01,3.779286e+01
2021-09-02T04:20:43.104,Cambrian,Info,1080,7.000000e+01,2.920000e+01,3.732559e+01
2021-09-02T04:31:08.079,Cambrian,Info,1100,7.000000e+01,1.380000e+01,3.266037e+01
2021-09-02T04:38:57.398,Cambrian,Info,1120,7.000000e+01,2.260000e+01,3.142133e+01
2021-09-02T04:47:12.573,Cambrian,Info,1140,7.000000e+01,4.000000e+01,4.129770e+01
2021-09-02T05:05:26.031,Cambrian,Info,1160,7.100000e+01,4.200000e+01,3.928104e+01
2021-09-02T05:17:59.444,Cambrian,Info,1180,7.100000e+01,2.100000e+01,4.868778e+01
2021-09-02T05:31:55.969,Cambrian,Info,1200,7.100000e+01,2.940000e+01,3.798421e+01
2021-09-02T05:48:32.418,Cambrian,Info,1220,7.300000e+01,1.000000e+01,3.693237e+01
2021-09-02T06:07:06.599,Cambrian,Info,1240,7.300000e+01,2.920000e+01,4.011484e+01
2021-09-02T06:17:42.163,Cambrian,Info,1260,7.300000e+01,3.000000e+01,3.796709e+01
2021-09-02T06:29:08.447,Cambrian,Info,1280,7.300000e+01,1.740000e+01,3.126180e+01
2021-09-02T06:39:00.136,Cambrian,Info,1300,7.300000e+01,1.960000e+01,5.082617e+01
2021-09-02T06:50:35.150,Cambrian,Info,1320,7.300000e+01,4.340000e+01,3.918290e+01
2021-09-02T07:00:06.991,Cambrian,Info,1340,7.300000e+01,4.220000e+01,3.951202e+01
2021-09-02T07:11:25.623,Cambrian,Info,1360,7.300000e+01,4.460000e+01,3.889473e+01
2021-09-02T07:25:54.778,Cambrian,Info,1380,7.300000e+01,1.780000e+01,3.129217e+01
2021-09-02T07:39:08.207,Cambrian,Info,1400,8.200000e+01,-4.000000e-01,4.822136e+01
2021-09-02T07:50:48.771,Cambrian,Info,1420,8.200000e+01,2.780000e+01,4.487984e+01
2021-09-02T07:59:59.463,Cambrian,Info,1440,8.200000e+01,5.300000e+01,5.177837e+01
2021-09-02T08:11:54.895,Cambrian,Info,1460,8.200000e+01,4.400000e+01,4.139444e+01
2021-09-02T08:24:36.786,Cambrian,Info,1480,8.200000e+01,4.940000e+01,4.495331e+01
2021-09-02T08:37:35.082,Cambrian,Info,1500,8.200000e+01,1.680000e+01,3.645820e+01
2021-09-02T08:48:02.497,Cambrian,Info,1520,8.200000e+01,1.820000e+01,3.577289e+01
2021-09-02T09:00:15.764,Cambrian,Info,1540,8.200000e+01,3.180000e+01,4.594236e+01
2021-09-02T09:13:06.629,Cambrian,Info,1560,8.200000e+01,4.360000e+01,4.761617e+01
2021-09-02T09:26:06.555,Cambrian,Info,1580,8.200000e+01,3.340000e+01,4.436553e+01
2021-09-02T09:38:20.093,Cambrian,Info,1600,8.200000e+01,3.340000e+01,4.436553e+01
2021-09-02T09:56:51.403,Cambrian,Info,1620,8.200000e+01,1.640000e+01,3.688225e+01
2021-09-02T10:16:40.703,Cambrian,Info,1640,8.200000e+01,3.180000e+01,4.587701e+01
2021-09-02T10:32:08.494,Cambrian,Info,1660,8.200000e+01,1.040000e+01,4.077131e+01
2021-09-02T10:46:05.968,Cambrian,Info,1680,8.200000e+01,1.520000e+01,3.743261e+01
2021-09-02T10:58:25.676,Cambrian,Info,1700,8.200000e+01,3.100000e+01,4.129770e+01
2021-09-02T11:10:48.685,Cambrian,Info,1720,8.200000e+01,2.640000e+01,4.136182e+01
2021-09-02T11:24:58.607,Cambrian,Info,1740,8.200000e+01,1.520000e+01,3.745264e+01
2021-09-02T11:37:26.048,Cambrian,Info,1760,8.200000e+01,5.800000e+00,4.881803e+01
2021-09-02T11:49:47.320,Cambrian,Info,1780,8.200000e+01,7.600000e+00,4.509213e+01
2021-09-02T12:04:22.054,Cambrian,Info,1800,8.200000e+01,5.800000e+00,6.563688e+01
2021-09-02T12:15:08.012,Cambrian,Info,1820,8.200000e+01,2.900000e+01,4.358899e+01
2021-09-02T12:25:42.378,Cambrian,Info,1840,8.200000e+01,1.320000e+01,3.907301e+01
2021-09-02T12:36:31.804,Cambrian,Info,1860,8.200000e+01,1.740000e+01,3.611509e+01
2021-09-02T12:46:17.088,Cambrian,Info,1880,8.200000e+01,3.180000e+01,4.602934e+01
2021-09-02T12:58:59.348,Cambrian,Info,1900,8.200000e+01,3.000000e+01,4.225518e+01
2021-09-02T13:11:56.903,Cambrian,Info,1920,8.200000e+01,4.420000e+01,4.339009e+01
2021-09-02T13:21:21.292,Cambrian,Info,1940,8.200000e+01,3.120000e+01,4.648871e+01
2021-09-02T13:29:56.406,Cambrian,Info,1960,8.200000e+01,7.800000e+00,4.899184e+01
2021-09-02T13:38:00.355,Cambrian,Info,1980,8.200000e+01,3.720000e+01,6.364904e+01
2021-09-02T13:45:36.084,Cambrian,Info,2000,8.200000e+01,2.080000e+01,3.724513e+01
2021-09-02T13:56:56.297,Cambrian,Info,2020,8.200000e+01,-1.400000e+00,6.085885e+01
2021-09-02T14:06:27.326,Cambrian,Info,2040,8.200000e+01,-3.400000e+00,5.251952e+01
2021-09-02T14:16:44.458,Cambrian,Info,2060,8.200000e+01,2.360000e+01,5.548243e+01
2021-09-02T14:30:46.808,Cambrian,Info,2080,8.200000e+01,2.080000e+01,5.962130e+01
2021-09-02T14:39:57.602,Cambrian,Info,2100,8.200000e+01,3.440000e+01,4.358096e+01
2021-09-02T14:48:00.558,Cambrian,Info,2120,8.200000e+01,1.580000e+01,3.704997e+01
2021-09-02T14:59:17.792,Cambrian,Info,2140,8.200000e+01,6.000000e+00,4.863641e+01
2021-09-02T15:13:12.271,Cambrian,Info,2160,8.200000e+01,-2.120000e+01,7.859835e+01
2021-09-02T15:23:40.488,Cambrian,Info,2180,8.200000e+01,1.460000e+01,3.781931e+01
2021-09-02T15:36:04.239,Cambrian,Info,2200,8.200000e+01,2.200000e+00,4.712961e+01
2021-09-02T15:51:01.653,Cambrian,Info,2220,8.200000e+01,1.500000e+01,3.772930e+01
2021-09-02T16:02:32.151,Cambrian,Info,2240,8.200000e+01,1.440000e+01,3.837056e+01
2021-09-02T16:12:33.785,Cambrian,Info,2260,8.200000e+01,3.820000e+01,4.015221e+01
2021-09-02T16:22:30.454,Cambrian,Info,2280,8.200000e+01,3.980000e+01,3.937258e+01
2021-09-02T16:33:56.255,Cambrian,Info,2300,8.200000e+01,1.620000e+01,3.685377e+01
2021-09-02T16:42:36.924,Cambrian,Info,2320,8.200000e+01,8.800000e+00,6.682215e+01
2021-09-02T16:50:15.740,Cambrian,Info,2340,8.200000e+01,1.620000e+01,3.681983e+01
2021-09-02T17:01:32.313,Cambrian,Info,2360,8.200000e+01,3.280000e+01,4.492995e+01
2021-09-02T17:12:06.180,Cambrian,Info,2380,8.200000e+01,1.720000e+01,3.622430e+01
2021-09-02T17:21:23.607,Cambrian,Info,2400,8.200000e+01,3.400000e+01,4.399432e+01
2021-09-02T17:36:32.053,Cambrian,Info,2420,8.200000e+01,1.600000e+01,3.693237e+01
2021-09-02T17:48:19.143,Cambrian,Info,2440,8.200000e+01,1.720000e+01,3.622430e+01
2021-09-02T18:01:53.835,Cambrian,Info,2460,8.200000e+01,2.620000e+01,5.121718e+01
2021-09-02T18:12:38.534,Cambrian,Info,2480,8.200000e+01,1.360000e+01,3.864324e+01
2021-09-02T18:20:59.975,Cambrian,Info,2500,8.200000e+01,3.280000e+01,4.492995e+01
2021-09-02T18:29:50.486,Cambrian,Info,2520,8.200000e+01,1.580000e+01,3.707695e+01
2021-09-02T18:38:40.045,Cambrian,Info,2540,8.200000e+01,1.540000e+01,3.730013e+01
2021-09-02T18:47:49.037,Cambrian,Info,2560,8.200000e+01,3.340000e+01,4.437116e+01
2021-09-02T18:56:21.254,Cambrian,Info,2580,8.200000e+01,1.980000e+01,6.013485e+01
2021-09-02T19:06:34.039,Cambrian,Info,2600,8.200000e+01,3.340000e+01,4.458475e+01
2021-09-02T19:15:37.425,Cambrian,Info,2620,8.200000e+01,3.620000e+01,4.195474e+01
2021-09-02T19:26:24.074,Cambrian,Info,2640,8.200000e+01,1.320000e+01,3.861606e+01
2021-09-02T19:36:33.005,Cambrian,Info,2660,8.200000e+01,-4.800000e+00,5.577813e+01
2021-09-02T19:45:55.328,Cambrian,Info,2680,8.200000e+01,3.340000e+01,4.436553e+01
2021-09-02T19:55:13.422,Cambrian,Info,2700,8.200000e+01,5.380000e+01,3.932175e+01
2021-09-02T20:07:17.055,Cambrian,Info,2720,8.200000e+01,4.900000e+01,4.529901e+01
2021-09-02T20:19:28.039,Cambrian,Info,2740,8.200000e+01,1.700000e+01,3.642115e+01
2021-09-02T20:32:16.984,Cambrian,Info,2760,8.200000e+01,1.120000e+01,6.828763e+01
2021-09-02T20:44:30.853,Cambrian,Info,2780,8.200000e+01,2.580000e+01,5.421439e+01
2021-09-02T20:54:47.603,Cambrian,Info,2800,8.200000e+01,6.580000e+01,3.622430e+01
2021-09-02T21:06:46.633,Cambrian,Info,2820,8.200000e+01,2.820000e+01,5.000700e+01
2021-09-02T21:13:56.447,Cambrian,Info,2840,8.200000e+01,1.160000e+01,6.821144e+01
2021-09-02T21:21:14.113,Cambrian,Info,2860,8.200000e+01,1.200000e+01,4.529349e+01
2021-09-02T21:34:21.483,Cambrian,Info,2880,8.200000e+01,3.340000e+01,4.436553e+01
2021-09-02T21:47:39.946,Cambrian,Info,2900,8.200000e+01,2.160000e+01,5.924778e+01
2021-09-02T21:55:28.066,Cambrian,Info,2920,8.200000e+01,3.700000e+01,4.173128e+01
2021-09-02T22:06:17.026,Cambrian,Info,2940,8.200000e+01,3.140000e+01,4.638750e+01
2021-09-02T22:15:25.593,Cambrian,Info,2960,8.200000e+01,5.600000e+00,5.086059e+01
2021-09-02T22:25:09.206,Cambrian,Info,2980,8.200000e+01,1.560000e+01,5.202211e+01
2021-09-02T22:34:46.486,Cambrian,Info,3000,8.200000e+01,3.520000e+01,4.283340e+01
2021-09-02T22:45:55.898,Cambrian,Info,3020,8.200000e+01,1.720000e+01,3.622430e+01
2021-09-02T22:54:01.067,Cambrian,Info,3040,8.200000e+01,3.300000e+01,4.473254e+01
2021-09-02T23:02:42.678,Cambrian,Info,3060,8.200000e+01,1.720000e+01,3.622430e+01
2021-09-02T23:11:41.659,Cambrian,Info,3080,8.200000e+01,3.340000e+01,4.436553e+01
2021-09-02T23:21:11.911,Cambrian,Info,3100,8.200000e+01,6.000000e+00,4.863641e+01
2021-09-02T23:31:18.176,Cambrian,Info,3120,8.200000e+01,-2.260000e+01,7.776117e+01
2021-09-02T23:39:21.747,Cambrian,Info,3140,8.200000e+01,3.100000e+01,4.681346e+01
2021-09-02T23:47:58.239,Cambrian,Info,3160,8.200000e+01,3.020000e+01,4.733075e+01
2021-09-03T00:08:10.202,Cambrian,Info,3180,8.200000e+01,3.240000e+01,4.532439e+01
2021-09-03T00:19:09.985,Cambrian,Info,3200,8.200000e+01,1.600000e+00,4.984275e+01
2021-09-03T00:43:14.076,Cambrian,Info,3220,8.200000e+01,1.760000e+01,3.607354e+01
2021-09-03T01:03:02.446,Cambrian,Info,3240,8.200000e+01,1.000000e+00,4.980964e+01
2021-09-03T01:19:50.120,Cambrian,Info,3260,8.200000e+01,3.220000e+01,4.587156e+01
2021-09-03T01:33:54.402,Cambrian,Info,3280,8.200000e+01,4.520000e+01,5.070700e+01
2021-09-03T01:52:58.405,Cambrian,Info,3300,8.200000e+01,3.420000e+01,4.387710e+01
2021-09-03T02:04:42.056,Cambrian,Info,3320,8.200000e+01,3.340000e+01,4.436553e+01
2021-09-03T02:17:53.677,Cambrian,Info,3340,8.200000e+01,2.520000e+01,5.448578e+01
2021-09-03T02:29:53.926,Cambrian,Info,3360,8.200000e+01,3.660000e+01,4.195593e+01
2021-09-03T02:41:38.436,Cambrian,Info,3380,8.200000e+01,4.960000e+01,4.436553e+01
2021-09-03T02:55:23.916,Cambrian,Info,3400,8.200000e+01,3.340000e+01,4.436553e+01
2021-09-03T03:03:26.572,Cambrian,Info,3420,8.200000e+01,2.620000e+01,5.093820e+01
2021-09-03T03:17:26.947,Cambrian,Info,3440,8.200000e+01,2.680000e+01,5.232304e+01
2021-09-03T03:30:45.990,Cambrian,Info,3460,8.200000e+01,3.380000e+01,4.405338e+01
2021-09-03T03:45:38.537,Cambrian,Info,3480,8.200000e+01,6.000000e-01,4.986783e+01
2021-09-03T03:54:05.914,Cambrian,Info,3500,8.200000e+01,1.680000e+01,3.649246e+01
2021-09-03T04:00:46.285,Cambrian,Info,3520,8.200000e+01,3.740000e+01,6.348071e+01
2021-09-03T04:10:17.374,Cambrian,Info,3540,8.200000e+01,1.820000e+01,3.573094e+01
2021-09-03T04:21:02.332,Cambrian,Info,3560,8.200000e+01,2.740000e+01,5.347710e+01
2021-09-03T04:36:17.017,Cambrian,Info,3580,8.200000e+01,1.580000e+01,3.713085e+01
2021-09-03T04:46:22.391,Cambrian,Info,3600,8.200000e+01,3.140000e+01,4.650054e+01
2021-09-03T04:56:09.348,Cambrian,Info,3620,8.200000e+01,1.540000e+01,3.725990e+01
2021-09-03T05:09:07.787,Cambrian,Info,3640,8.200000e+01,1.380000e+01,3.827140e+01
2021-09-03T05:19:28.950,Cambrian,Info,3660,8.200000e+01,6.580000e+01,3.622430e+01
2021-09-03T05:31:29.975,Cambrian,Info,3680,8.200000e+01,4.960000e+01,4.436553e+01
2021-09-03T05:49:23.407,Cambrian,Info,3700,8.200000e+01,1.660000e+01,3.658278e+01
2021-09-03T06:03:36.927,Cambrian,Info,3720,8.200000e+01,3.180000e+01,4.584975e+01
2021-09-03T06:20:29.021,Cambrian,Info,3740,8.200000e+01,2.340000e+01,5.554098e+01
2021-09-03T06:31:11.808,Cambrian,Info,3760,8.200000e+01,3.320000e+01,4.454997e+01
2021-09-03T06:38:48.604,Cambrian,Info,3780,8.200000e+01,3.080000e+01,4.681560e+01
2021-09-03T06:47:17.118,Cambrian,Info,3800,8.200000e+01,-2.340000e+01,7.743901e+01
2021-09-03T06:55:27.211,Cambrian,Info,3820,8.200000e+01,-1.340000e+01,5.757430e+01
2021-09-03T07:02:27.883,Cambrian,Info,3840,8.200000e+01,3.540000e+01,4.279953e+01
2021-09-03T07:13:17.411,Cambrian,Info,3860,8.200000e+01,4.800000e+00,4.639720e+01
2021-09-03T07:25:43.539,Cambrian,Info,3880,8.200000e+01,3.760000e+01,4.082646e+01
2021-09-03T07:37:01.441,Cambrian,Info,3900,8.200000e+01,4.760000e+01,4.723664e+01
2021-09-03T07:44:33.623,Cambrian,Info,3920,8.200000e+01,2.240000e+01,5.636754e+01
2021-09-03T07:56:55.958,Cambrian,Info,3940,8.200000e+01,4.980000e+01,4.409308e+01
2021-09-03T08:13:51.559,Cambrian,Info,3960,8.200000e+01,6.640000e+01,3.488266e+01
2021-09-03T08:25:47.307,Cambrian,Info,3980,8.200000e+01,3.380000e+01,4.405338e+01
2021-09-03T08:34:31.344,Cambrian,Info,4000,8.200000e+01,3.240000e+01,4.532439e+01
2021-09-03T08:45:50.978,Cambrian,Info,4020,8.200000e+01,1.640000e+01,3.667151e+01
2021-09-03T08:55:31.015,Cambrian,Info,4040,8.200000e+01,1.560000e+01,3.717930e+01
2021-09-03T09:04:40.540,Cambrian,Info,4060,8.200000e+01,3.200000e+01,4.566727e+01
2021-09-03T09:18:34.642,Cambrian,Info,4080,8.200000e+01,1.320000e+01,3.870013e+01
2021-09-03T09:33:12.811,Cambrian,Info,4100,8.200000e+01,2.160000e+01,3.688225e+01
2021-09-03T09:46:50.070,Cambrian,Info,4120,8.200000e+01,3.200000e+01,4.084116e+01
2021-09-03T09:57:52.062,Cambrian,Info,4140,8.200000e+01,3.340000e+01,4.436553e+01
2021-09-03T10:16:00.556,Cambrian,Info,4160,8.200000e+01,1.160000e+01,3.967745e+01
2021-09-03T10:26:35.656,Cambrian,Info,4180,8.200000e+01,2.740000e+01,5.333667e+01
2021-09-03T10:40:10.266,Cambrian,Info,4200,8.200000e+01,1.700000e+01,3.635932e+01
2021-09-03T10:49:57.589,Cambrian,Info,4220,8.200000e+01,2.880000e+01,4.898673e+01
2021-09-03T11:01:27.799,Cambrian,Info,4240,8.200000e+01,-2.140000e+01,7.831858e+01
2021-09-03T11:09:37.706,Cambrian,Info,4260,8.200000e+01,4.560000e+01,5.068333e+01
2021-09-03T11:18:27.342,Cambrian,Info,4280,8.200000e+01,5.760000e+01,5.456006e+01
2021-09-03T11:26:25.068,Cambrian,Info,4300,8.200000e+01,-2.000000e+00,4.994497e+01
2021-09-03T11:33:39.600,Cambrian,Info,4320,8.200000e+01,3.280000e+01,4.491325e+01
2021-09-03T11:41:06.385,Cambrian,Info,4340,8.200000e+01,-2.400000e+00,5.016274e+01
2021-09-03T11:50:31.985,Cambrian,Info,4360,3.600000e+01,2.020000e+01,2.163793e+01
2021-09-03T12:00:47.059,Cambrian,Info,4380,3.600000e+01,1.480000e+01,1.434225e+01
2021-09-03T12:13:03.043,Cambrian,Info,4400,3.600000e+01,3.400000e+00,1.929508e+01
2021-09-03T12:22:28.319,Cambrian,Info,4420,3.600000e+01,7.800000e+00,1.605304e+01
2021-09-03T12:31:35.872,Cambrian,Info,4440,3.600000e+01,1.560000e+01,1.874300e+01
2021-09-03T12:44:45.060,Cambrian,Info,4460,3.600000e+01,2.220000e+01,1.892617e+01
2021-09-03T12:57:19.373,Cambrian,Info,4480,3.600000e+01,1.500000e+01,1.926136e+01
2021-09-03T13:13:20.173,Cambrian,Info,4500,3.600000e+01,1.780000e+01,1.758408e+01
2021-09-03T13:24:38.918,Cambrian,Info,4520,3.600000e+01,8.400000e+00,1.545316e+01
2021-09-03T13:35:27.058,Cambrian,Info,4540,3.600000e+01,7.600000e+00,1.607171e+01
2021-09-03T13:45:40.033,Cambrian,Info,4560,3.600000e+01,8.800000e+00,1.655899e+01
2021-09-03T14:02:01.086,Cambrian,Info,4580,3.600000e+01,3.200000e+00,2.055967e+01
2021-09-03T14:17:16.105,Cambrian,Info,4600,3.600000e+01,1.540000e+01,1.956528e+01
2021-09-03T14:29:02.380,Cambrian,Info,4620,3.600000e+01,1.140000e+01,1.559808e+01
2021-09-03T14:36:50.459,Cambrian,Info,4640,3.600000e+01,2.120000e+01,2.026573e+01
2021-09-03T14:46:30.044,Cambrian,Info,4660,3.600000e+01,1.540000e+01,1.883614e+01
2021-09-03T14:55:00.188,Cambrian,Info,4680,3.600000e+01,7.000000e+00,1.635543e+01
2021-09-03T15:09:37.471,Cambrian,Info,4700,3.600000e+01,2.160000e+01,1.973069e+01
2021-09-03T15:21:03.059,Cambrian,Info,4720,3.600000e+01,2.180000e+01,1.947306e+01
2021-09-03T15:36:25.773,Cambrian,Info,4740,3.600000e+01,6.000000e+00,1.692631e+01
2021-09-03T15:48:07.858,Cambrian,Info,4760,3.600000e+01,2.720000e+01,1.967740e+01
2021-09-03T15:57:21.945,Cambrian,Info,4780,3.700000e+01,8.200000e+00,1.609969e+01
2021-09-03T16:04:35.282,Cambrian,Info,4800,3.700000e+01,8.800000e+00,1.755563e+01
2021-09-03T16:13:26.674,Cambrian,Info,4820,3.700000e+01,1.000000e+01,1.545962e+01
2021-09-03T16:24:29.277,Cambrian,Info,4840,3.700000e+01,6.200000e+00,1.752712e+01
2021-09-03T16:33:25.698,Cambrian,Info,4860,3.700000e+01,1.460000e+01,2.046460e+01
2021-09-03T16:42:48.198,Cambrian,Info,4880,3.700000e+01,9.000000e+00,1.570032e+01
2021-09-03T16:57:35.543,Cambrian,Info,4900,5.300000e+01,1.020000e+01,2.406657e+01
2021-09-03T17:20:08.306,Cambrian,Info,4920,5.300000e+01,-8.600000e+00,3.839010e+01
2021-09-03T17:35:13.062,Cambrian,Info,4940,6.200000e+01,-2.940000e+01,7.025525e+01
2021-09-03T17:46:38.721,Cambrian,Info,4960,6.200000e+01,6.200000e+00,3.239907e+01
2021-09-03T18:01:37.027,Cambrian,Info,4980,6.200000e+01,-9.000000e+00,5.386557e+01
2021-09-03T18:19:22.543,Cambrian,Info,5000,6.300000e+01,9.600000e+00,5.147621e+01
2021-09-03T18:40:10.797,Cambrian,Info,5020,6.300000e+01,-6.200000e+00,3.987104e+01
2021-09-03T19:00:05.305,Cambrian,Info,5040,6.400000e+01,1.340000e+01,2.828957e+01
2021-09-03T19:21:20.251,Cambrian,Info,5060,6.500000e+01,2.340000e+01,3.818769e+01
2021-09-03T19:38:05.797,Cambrian,Info,5080,6.500000e+01,1.140000e+01,3.022913e+01
2021-09-03T19:53:55.685,Cambrian,Info,5100,6.500000e+01,-3.700000e+01,5.859607e+01
2021-09-03T20:09:10.424,Cambrian,Info,5120,6.500000e+01,2.580000e+01,3.582178e+01
2021-09-03T20:27:27.315,Cambrian,Info,5140,6.500000e+01,-2.800000e+00,4.339009e+01
2021-09-03T20:44:08.283,Cambrian,Info,5160,6.500000e+01,6.600000e+00,3.386444e+01
2021-09-03T21:03:29.471,Cambrian,Info,5180,6.500000e+01,3.600000e+00,3.644585e+01
2021-09-03T21:21:28.930,Cambrian,Info,5200,6.500000e+01,1.120000e+01,3.156264e+01
2021-09-03T21:41:31.389,Cambrian,Info,5220,6.500000e+01,1.040000e+01,3.069691e+01
2021-09-03T22:03:22.338,Cambrian,Info,5240,6.500000e+01,2.600000e+00,3.725319e+01
2021-09-03T22:20:28.300,Cambrian,Info,5260,6.500000e+01,7.400000e+00,3.298181e+01
2021-09-03T22:36:18.058,Cambrian,Info,5280,6.500000e+01,1.460000e+01,2.864088e+01
2021-09-03T22:53:17.602,Cambrian,Info,5300,6.500000e+01,1.080000e+01,3.048278e+01
2021-09-03T23:11:55.991,Cambrian,Info,5320,6.500000e+01,2.260000e+01,3.904228e+01
2021-09-03T23:31:28.397,Cambrian,Info,5340,6.500000e+01,4.800000e+00,3.465112e+01
2021-09-03T23:50:03.828,Cambrian,Info,5360,6.500000e+01,2.200000e+00,3.849286e+01
2021-09-04T00:08:32.110,Cambrian,Info,5380,6.500000e+01,3.800000e+00,3.970768e+01
2021-09-04T00:24:59.429,Cambrian,Info,5400,6.500000e+01,2.300000e+01,3.898718e+01
2021-09-04T00:44:33.863,Cambrian,Info,5420,6.500000e+01,-1.380000e+01,4.859218e+01
2021-09-04T01:05:23.631,Cambrian,Info,5440,6.900000e+01,-5.400000e+00,5.575661e+01
2021-09-04T01:22:34.704,Cambrian,Info,5460,6.900000e+01,1.480000e+01,3.031831e+01
2021-09-04T01:39:40.325,Cambrian,Info,5480,6.900000e+01,1.800000e+01,3.378609e+01
2021-09-04T02:00:36.364,Cambrian,Info,5500,6.900000e+01,-6.000000e-01,4.162091e+01
2021-09-04T02:27:36.187,Cambrian,Info,5520,6.900000e+01,4.180000e+01,3.724513e+01
2021-09-04T02:49:38.296,Cambrian,Info,5540,6.900000e+01,3.660000e+01,3.140541e+01
2021-09-04T03:07:11.388,Cambrian,Info,5560,6.900000e+01,1.200000e+01,3.242684e+01
2021-09-04T03:25:01.391,Cambrian,Info,5580,6.900000e+01,1.080000e+01,3.355890e+01
2021-09-04T03:45:29.307,Cambrian,Info,5600,6.900000e+01,2.560000e+01,3.997249e+01
2021-09-04T04:04:22.562,Cambrian,Info,5620,6.900000e+01,5.000000e+00,3.695267e+01
2021-09-04T04:27:22.204,Cambrian,Info,5640,6.900000e+01,8.400000e+00,3.492564e+01
2021-09-04T04:44:45.306,Cambrian,Info,5660,6.900000e+01,1.400000e+01,3.116889e+01
2021-09-04T05:02:07.695,Cambrian,Info,5680,6.900000e+01,-8.000000e-01,4.125167e+01
2021-09-04T05:21:18.035,Cambrian,Info,5700,6.900000e+01,1.720000e+01,4.763087e+01
2021-09-04T05:42:13.178,Cambrian,Info,5720,6.900000e+01,1.020000e+01,3.370015e+01
2021-09-04T06:06:35.442,Cambrian,Info,5740,6.900000e+01,1.300000e+01,3.130495e+01
2021-09-04T06:29:01.823,Cambrian,Info,5760,6.900000e+01,2.320000e+01,4.325737e+01
2021-09-04T06:46:20.714,Cambrian,Info,5780,6.900000e+01,1.300000e+01,3.191395e+01
2021-09-04T07:07:20.440,Cambrian,Info,5800,6.900000e+01,9.600000e+00,3.489699e+01
2021-09-04T07:28:58.919,Cambrian,Info,5820,6.900000e+01,1.240000e+01,5.230965e+01
2021-09-04T07:48:52.088,Cambrian,Info,5840,6.900000e+01,2.960000e+01,3.608047e+01
2021-09-04T08:13:10.278,Cambrian,Info,5860,6.900000e+01,1.460000e+01,3.041052e+01
2021-09-04T08:44:10.449,Cambrian,Info,5880,6.900000e+01,1.240000e+01,4.128922e+01
2021-09-04T09:09:29.440,Cambrian,Info,5900,6.900000e+01,2.620000e+01,3.912416e+01
2021-09-04T09:30:45.188,Cambrian,Info,5920,6.900000e+01,1.180000e+01,3.296513e+01
2021-09-04T09:52:02.214,Cambrian,Info,5940,6.900000e+01,1.260000e+01,3.182452e+01
2021-09-04T10:17:59.702,Cambrian,Info,5960,6.900000e+01,-9.000000e+00,4.685616e+01
2021-09-04T10:39:53.066,Cambrian,Info,5980,6.900000e+01,3.400000e+01,3.618011e+01
2021-09-04T10:57:34.072,Cambrian,Info,6000,6.900000e+01,2.940000e+01,3.617734e+01
2021-09-04T11:14:42.188,Cambrian,Info,6020,6.900000e+01,2.640000e+01,3.889473e+01
2021-09-04T11:33:35.090,Cambrian,Info,6040,6.900000e+01,1.240000e+01,3.219161e+01
2021-09-04T11:50:57.185,Cambrian,Info,6060,6.900000e+01,2.440000e+01,4.106458e+01
2021-09-04T12:08:36.356,Cambrian,Info,6080,6.900000e+01,1.340000e+01,3.112555e+01
2021-09-04T12:27:50.474,Cambrian,Info,6100,6.900000e+01,3.240000e+01,3.039408e+01
2021-09-04T12:50:09.685,Cambrian,Info,6120,6.900000e+01,2.400000e+01,4.137632e+01
2021-09-04T13:07:49.081,Cambrian,Info,6140,6.900000e+01,3.040000e+01,4.824728e+01
2021-09-04T13:21:45.126,Cambrian,Info,6160,7.200000e+01,1.340000e+01,3.278414e+01
2021-09-04T13:37:33.659,Cambrian,Info,6180,7.200000e+01,3.660000e+01,3.550070e+01
2021-09-04T13:48:49.461,Cambrian,Info,6200,7.200000e+01,4.220000e+01,4.081911e+01
2021-09-04T14:01:55.834,Cambrian,Info,6220,7.200000e+01,6.800000e+00,4.900714e+01
2021-09-04T14:19:53.617,Cambrian,Info,6240,7.400000e+01,1.560000e+01,4.083259e+01
2021-09-04T14:37:19.252,Cambrian,Info,6260,7.600000e+01,1.800000e+01,3.483533e+01
2021-09-04T14:51:18.487,Cambrian,Info,6280,8.500000e+01,1.740000e+01,3.779947e+01
2021-09-04T15:02:26.417,Cambrian,Info,6300,8.500000e+01,-3.400000e+00,5.181023e+01
2021-09-04T15:16:32.006,Cambrian,Info,6320,8.500000e+01,3.500000e+01,4.573292e+01
2021-09-04T15:29:33.508,Cambrian,Info,6340,8.500000e+01,1.360000e+01,4.081421e+01
2021-09-04T15:47:48.664,Cambrian,Info,6360,8.500000e+01,1.760000e+01,3.785895e+01
2021-09-04T16:06:57.438,Cambrian,Info,6380,8.500000e+01,1.660000e+01,3.832493e+01
2021-09-04T16:29:27.969,Cambrian,Info,6400,8.500000e+01,-2.600000e+00,5.184882e+01
2021-09-04T16:45:55.859,Cambrian,Info,6420,8.500000e+01,2.040000e+01,3.660328e+01
2021-09-04T16:58:35.849,Cambrian,Info,6440,8.500000e+01,1.540000e+01,3.965854e+01
2021-09-04T17:09:47.746,Cambrian,Info,6460,8.500000e+01,3.340000e+01,4.714128e+01
2021-09-04T17:22:26.978,Cambrian,Info,6480,8.500000e+01,5.080000e+01,4.683161e+01
2021-09-04T17:36:52.833,Cambrian,Info,6500,8.500000e+01,2.060000e+01,3.614277e+01
2021-09-04T17:53:35.393,Cambrian,Info,6520,8.500000e+01,2.300000e+01,3.815757e+01
2021-09-04T18:06:15.262,Cambrian,Info,6540,8.500000e+01,9.200000e+00,4.583339e+01
2021-09-04T18:19:20.645,Cambrian,Info,6560,8.500000e+01,1.600000e+01,3.883298e+01
2021-09-04T18:34:20.647,Cambrian,Info,6580,8.500000e+01,2.280000e+01,5.830266e+01
2021-09-04T18:52:05.341,Cambrian,Info,6600,8.500000e+01,3.440000e+01,4.620390e+01
2021-09-04T19:13:18.094,Cambrian,Info,6620,8.500000e+01,3.340000e+01,3.987857e+01
2021-09-04T19:38:12.038,Cambrian,Info,6640,8.500000e+01,2.140000e+01,3.713220e+01
2021-09-04T19:55:28.308,Cambrian,Info,6660,8.500000e+01,1.680000e+01,3.816019e+01
2021-09-04T20:12:33.661,Cambrian,Info,6680,8.500000e+01,1.840000e+01,3.775977e+01
2021-09-04T20:27:43.824,Cambrian,Info,6700,8.500000e+01,2.140000e+01,3.779947e+01
2021-09-04T20:41:48.066,Cambrian,Info,6720,8.500000e+01,1.140000e+01,4.197976e+01
2021-09-04T20:56:13.629,Cambrian,Info,6740,8.500000e+01,3.560000e+01,4.564866e+01
2021-09-04T21:08:35.349,Cambrian,Info,6760,8.500000e+01,2.420000e+01,5.767755e+01
2021-09-04T21:21:47.019,Cambrian,Info,6780,8.500000e+01,7.600000e+00,4.918130e+01
2021-09-04T21:35:13.447,Cambrian,Info,6800,8.500000e+01,3.620000e+01,5.291692e+01
2021-09-04T21:51:46.076,Cambrian,Info,6820,8.500000e+01,6.800000e+00,4.663368e+01
2021-09-04T22:09:38.815,Cambrian,Info,6840,8.500000e+01,1.760000e+01,3.802368e+01
2021-09-04T22:24:45.693,Cambrian,Info,6860,8.500000e+01,7.000000e+00,4.649193e+01
2021-09-04T22:41:36.934,Cambrian,Info,6880,8.500000e+01,1.820000e+01,3.754597e+01
2021-09-04T22:54:37.492,Cambrian,Info,6900,8.500000e+01,3.100000e+01,4.955805e+01
2021-09-04T23:11:45.436,Cambrian,Info,6920,8.500000e+01,3.520000e+01,4.631630e+01
2021-09-04T23:31:46.973,Cambrian,Info,6940,8.500000e+01,2.500000e+01,5.692539e+01
2021-09-04T23:42:13.951,Cambrian,Info,6960,8.500000e+01,3.000000e+01,4.287773e+01
2021-09-05T00:00:08.329,Cambrian,Info,6980,8.500000e+01,4.580000e+01,4.314163e+01
2021-09-05T00:19:14.982,Cambrian,Info,7000,8.500000e+01,3.700000e+01,3.842525e+01
2021-09-05T00:34:12.353,Cambrian,Info,7020,8.500000e+01,7.400000e+00,4.738460e+01
2021-09-05T00:49:06.616,Cambrian,Info,7040,8.500000e+01,3.340000e+01,4.714128e+01
2021-09-05T01:05:25.547,Cambrian,Info,7060,8.500000e+01,5.200000e+00,4.757310e+01
2021-09-05T01:20:16.221,Cambrian,Info,7080,8.500000e+01,1.740000e+01,3.779947e+01
2021-09-05T01:34:22.666,Cambrian,Info,7100,8.500000e+01,8.600000e+00,4.616600e+01
2021-09-05T01:52:24.508,Cambrian,Info,7120,8.500000e+01,2.960000e+01,5.094899e+01
2021-09-05T02:06:35.215,Cambrian,Info,7140,8.500000e+01,5.600000e+00,4.633897e+01
2021-09-05T02:24:03.195,Cambrian,Info,7160,8.500000e+01,2.920000e+01,4.392266e+01
2021-09-05T02:39:20.042,Cambrian,Info,7180,8.500000e+01,3.200000e+01,4.861070e+01
2021-09-05T02:53:43.099,Cambrian,Info,7200,8.500000e+01,1.140000e+01,4.572527e+01
2021-09-05T03:07:05.140,Cambrian,Info,7220,8.500000e+01,3.040000e+01,4.254762e+01
2021-09-05T03:21:52.559,Cambrian,Info,7240,8.500000e+01,1.280000e+01,4.077009e+01
2021-09-05T03:34:25.972,Cambrian,Info,7260,8.500000e+01,4.040000e+01,4.237688e+01
2021-09-05T03:48:40.016,Cambrian,Info,7280,8.500000e+01,1.680000e+01,6.515136e+01
2021-09-05T04:04:29.034,Cambrian,Info,7300,8.500000e+01,3.160000e+01,4.913044e+01
2021-09-05T04:18:04.779,Cambrian,Info,7320,8.500000e+01,4.980000e+01,4.820477e+01
2021-09-05T04:31:09.316,Cambrian,Info,7340,8.500000e+01,1.560000e+01,3.931666e+01
2021-09-05T04:43:16.134,Cambrian,Info,7360,8.500000e+01,2.160000e+01,5.968082e+01
2021-09-05T04:58:03.473,Cambrian,Info,7380,8.500000e+01,1.400000e+00,5.103234e+01
2021-09-05T05:10:50.774,Cambrian,Info,7400,8.500000e+01,5.600000e+00,4.752157e+01
2021-09-05T05:23:45.331,Cambrian,Info,7420,8.500000e+01,1.540000e+01,3.919566e+01
2021-09-05T05:46:02.154,Cambrian,Info,7440,8.500000e+01,2.100000e+01,4.292435e+01
2021-09-05T06:01:59.558,Cambrian,Info,7460,8.500000e+01,-2.000000e-01,5.083994e+01
2021-09-05T06:15:36.470,Cambrian,Info,7480,8.500000e+01,8.200000e+00,4.641875e+01
2021-09-05T06:34:18.276,Cambrian,Info,7500,8.500000e+01,2.080000e+01,6.042102e+01
2021-09-05T06:48:28.704,Cambrian,Info,7520,8.500000e+01,7.600000e+00,4.678996e+01
2021-09-05T07:01:08.544,Cambrian,Info,7540,8.500000e+01,2.360000e+01,3.663741e+01
2021-09-05T07:14:16.699,Cambrian,Info,7560,8.500000e+01,1.540000e+01,3.925303e+01
2021-09-05T07:27:24.137,Cambrian,Info,7580,8.500000e+01,1.040000e+01,4.204521e+01
2021-09-05T07:40:11.936,Cambrian,Info,7600,8.500000e+01,1.280000e+01,4.125773e+01
2021-09-05T07:54:27.615,Cambrian,Info,7620,8.500000e+01,5.100000e+01,4.656179e+01
2021-09-05T08:15:09.897,Cambrian,Info,7640,8.500000e+01,1.420000e+01,3.990865e+01
2021-09-05T08:30:24.164,Cambrian,Info,7660,8.500000e+01,5.000000e+00,4.738671e+01
2021-09-05T08:44:05.112,Cambrian,Info,7680,8.500000e+01,7.400000e+00,4.641444e+01
2021-09-05T08:58:44.971,Cambrian,Info,7700,8.500000e+01,1.460000e+01,4.551703e+01
2021-09-05T09:13:37.464,Cambrian,Info,7720,8.500000e+01,1.680000e+01,3.812742e+01
2021-09-05T09:27:08.984,Cambrian,Info,7740,8.500000e+01,1.920000e+01,3.683341e+01
2021-09-05T09:41:03.159,Cambrian,Info,7760,8.500000e+01,4.240000e+01,5.978127e+01
2021-09-05T09:52:26.616,Cambrian,Info,7780,8.500000e+01,3.260000e+01,4.814873e+01
2021-09-05T10:05:02.984,Cambrian,Info,7800,8.500000e+01,1.900000e+01,3.838620e+01
2021-09-05T10:19:46.250,Cambrian,Info,7820,8.500000e+01,2.420000e+01,4.437003e+01
2021-09-05T10:33:56.452,Cambrian,Info,7840,8.500000e+01,-7.200000e+00,5.526934e+01
2021-09-05T10:45:40.446,Cambrian,Info,7860,8.500000e+01,9.000000e+00,4.589662e+01
2021-09-05T10:59:08.966,Cambrian,Info,7880,8.500000e+01,1.520000e+01,4.157162e+01
2021-09-05T11:10:01.018,Cambrian,Info,7900,8.500000e+01,1.660000e+01,3.850065e+01
2021-09-05T11:28:01.611,Cambrian,Info,7920,8.500000e+01,1.680000e+01,3.814708e+01
2021-09-05T11:48:25.003,Cambrian,Info,7940,8.500000e+01,1.560000e+01,4.099756e+01
2021-09-05T12:00:52.200,Cambrian,Info,7960,8.500000e+01,1.560000e+01,3.886258e+01
2021-09-05T12:14:13.983,Cambrian,Info,7980,8.500000e+01,6.800000e+00,4.521283e+01
2021-09-05T12:27:33.245,Cambrian,Info,8000,8.500000e+01,1.600000e+00,4.856233e+01
2021-09-05T12:44:02.255,Cambrian,Info,8020,8.500000e+01,2.340000e+01,5.792495e+01
2021-09-05T13:01:12.883,Cambrian,Info,8040,8.500000e+01,2.000000e+01,3.665379e+01
2021-09-05T13:15:57.394,Cambrian,Info,8060,8.500000e+01,1.200000e+01,4.406246e+01
2021-09-05T13:29:50.362,Cambrian,Info,8080,8.500000e+01,5.000000e+00,4.494997e+01
2021-09-05T13:40:37.219,Cambrian,Info,8100,8.500000e+01,2.400000e+00,4.824210e+01
2021-09-05T13:52:10.808,Cambrian,Info,8120,8.500000e+01,1.920000e+01,3.696891e+01
2021-09-05T14:06:15.024,Cambrian,Info,8140,8.500000e+01,1.660000e+01,3.842916e+01
2021-09-05T14:21:00.066,Cambrian,Info,8160,8.500000e+01,1.900000e+01,3.698648e+01
2021-09-05T14:35:51.678,Cambrian,Info,8180,8.500000e+01,1.700000e+01,3.813791e+01
2021-09-05T14:48:14.318,Cambrian,Info,8200,8.500000e+01,2.180000e+01,3.571694e+01
2021-09-05T15:08:51.421,Cambrian,Info,8220,8.500000e+01,1.840000e+01,3.728002e+01
2021-09-05T15:25:59.615,Cambrian,Info,8240,8.500000e+01,1.240000e+01,4.586175e+01
2021-09-05T15:38:11.721,Cambrian,Info,8260,8.500000e+01,-1.120000e+01,5.401574e+01
2021-09-05T15:50:57.409,Cambrian,Info,8280,8.500000e+01,1.260000e+01,4.591623e+01
2021-09-05T16:03:33.131,Cambrian,Info,8300,8.500000e+01,1.200000e+01,4.537621e+01
2021-09-05T16:16:43.099,Cambrian,Info,8320,8.500000e+01,2.880000e+01,4.201428e+01
2021-09-05T16:30:06.573,Cambrian,Info,8340,8.500000e+01,1.700000e+01,3.805916e+01
2021-09-05T16:44:31.044,Cambrian,Info,8360,8.500000e+01,1.960000e+01,3.663059e+01
2021-09-05T16:58:26.897,Cambrian,Info,8380,8.500000e+01,1.060000e+01,4.261220e+01
2021-09-05T17:11:22.161,Cambrian,Info,8400,8.500000e+01,1.280000e+01,4.756785e+01
2021-09-05T17:24:50.628,Cambrian,Info,8420,8.500000e+01,1.860000e+01,3.719274e+01
2021-09-05T17:38:12.009,Cambrian,Info,8440,8.500000e+01,3.120000e+01,4.178756e+01
2021-09-05T17:51:14.394,Cambrian,Info,8460,8.500000e+01,2.880000e+01,5.065274e+01
2021-09-05T18:03:51.925,Cambrian,Info,8480,8.500000e+01,3.520000e+01,4.547747e+01
2021-09-05T18:18:58.151,Cambrian,Info,8500,8.500000e+01,3.100000e+01,4.279603e+01
2021-09-05T18:36:55.875,Cambrian,Info,8520,8.500000e+01,2.100000e+01,6.027852e+01
2021-09-05T18:57:47.372,Cambrian,Info,8540,8.500000e+01,4.700000e+01,4.127348e+01
2021-09-05T19:18:17.158,Cambrian,Info,8560,8.500000e+01,2.140000e+01,5.525215e+01
2021-09-05T19:35:39.506,Cambrian,Info,8580,8.500000e+01,8.200000e+00,5.830695e+01
2021-09-05T19:48:04.331,Cambrian,Info,8600,8.500000e+01,1.580000e+01,3.913055e+01
2021-09-05T20:00:10.700,Cambrian,Info,8620,8.500000e+01,1.220000e+01,4.484083e+01
2021-09-05T20:13:37.711,Cambrian,Info,8640,8.500000e+01,1.300000e+01,4.047221e+01
2021-09-05T20:24:49.969,Cambrian,Info,8660,8.500000e+01,2.840000e+01,5.201730e+01
2021-09-05T20:36:40.212,Cambrian,Info,8680,8.500000e+01,3.280000e+01,4.047468e+01
2021-09-05T20:52:08.864,Cambrian,Info,8700,8.500000e+01,1.400000e+01,3.997499e+01
2021-09-05T21:05:13.893,Cambrian,Info,8720,8.500000e+01,8.200000e+00,4.612700e+01
2021-09-05T21:16:27.727,Cambrian,Info,8740,8.500000e+01,2.820000e+01,5.239943e+01
2021-09-05T21:29:31.257,Cambrian,Info,8760,8.500000e+01,2.720000e+01,4.564756e+01
2021-09-05T21:44:52.058,Cambrian,Info,8780,8.500000e+01,2.840000e+01,4.450056e+01
2021-09-05T21:57:13.373,Cambrian,Info,8800,8.500000e+01,-1.520000e+01,6.340505e+01
2021-09-05T22:11:43.706,Cambrian,Info,8820,8.500000e+01,2.560000e+01,3.967745e+01
2021-09-05T22:25:22.202,Cambrian,Info,8840,8.500000e+01,3.500000e+01,4.213668e+01
2021-09-05T22:38:28.437,Cambrian,Info,8860,8.500000e+01,5.800000e+00,5.077105e+01
2021-09-05T22:51:49.632,Cambrian,Info,8880,8.500000e+01,5.080000e+01,4.686363e+01
2021-09-05T23:03:53.529,Cambrian,Info,8900,8.500000e+01,3.140000e+01,4.215804e+01
2021-09-05T23:16:13.468,Cambrian,Info,8920,8.500000e+01,3.380000e+01,4.684763e+01
2021-09-05T23:29:24.084,Cambrian,Info,8940,8.500000e+01,1.400000e+01,4.065710e+01
2021-09-05T23:42:22.207,Cambrian,Info,8960,8.500000e+01,3.340000e+01,4.712006e+01
2021-09-05T23:55:35.166,Cambrian,Info,8980,8.500000e+01,9.400000e+00,4.321227e+01
2021-09-06T00:13:08.634,Cambrian,Info,9000,8.500000e+01,1.160000e+01,4.490323e+01
2021-09-06T00:29:54.581,Cambrian,Info,9020,8.500000e+01,4.320000e+01,5.227045e+01
2021-09-06T00:48:31.521,Cambrian,Info,9040,8.500000e+01,1.640000e+01,3.864971e+01
2021-09-06T01:14:20.786,Cambrian,Info,9060,8.500000e+01,2.600000e+00,4.968199e+01
2021-09-06T01:35:08.950,Cambrian,Info,9080,8.500000e+01,1.300000e+01,4.031749e+01
2021-09-06T01:49:09.780,Cambrian,Info,9100,8.500000e+01,3.660000e+01,4.437680e+01
2021-09-06T02:02:59.366,Cambrian,Info,9120,8.500000e+01,4.700000e+01,5.203845e+01
2021-09-06T02:18:32.359,Cambrian,Info,9140,8.500000e+01,2.320000e+01,3.570994e+01
2021-09-06T02:38:14.915,Cambrian,Info,9160,8.500000e+01,7.000000e+00,4.658863e+01
2021-09-06T02:53:41.317,Cambrian,Info,9180,8.500000e+01,1.760000e+01,3.772665e+01
2021-09-06T03:10:27.218,Cambrian,Info,9200,8.500000e+01,1.480000e+01,3.938528e+01
2021-09-06T03:28:25.211,Cambrian,Info,9220,8.500000e+01,1.240000e+01,4.150663e+01
2021-09-06T03:43:11.669,Cambrian,Info,9240,8.500000e+01,1.520000e+01,3.942334e+01
2021-09-06T03:56:41.251,Cambrian,Info,9260,8.500000e+01,8.200000e+00,4.413275e+01
2021-09-06T04:11:19.009,Cambrian,Info,9280,8.500000e+01,2.100000e+01,3.610402e+01
2021-09-06T04:26:24.723,Cambrian,Info,9300,8.500000e+01,1.780000e+01,3.756594e+01
2021-09-06T04:42:05.744,Cambrian,Info,9320,8.500000e+01,1.720000e+01,3.942334e+01
2021-09-06T04:58:34.016,Cambrian,Info,9340,8.500000e+01,-1.800000e+00,5.054899e+01
2021-09-06T05:13:15.829,Cambrian,Info,9360,8.500000e+01,1.820000e+01,4.059187e+01
2021-09-06T05:31:56.584,Cambrian,Info,9380,8.500000e+01,3.560000e+01,3.805654e+01
2021-09-06T05:46:27.034,Cambrian,Info,9400,8.500000e+01,1.400000e+00,5.103234e+01
2021-09-06T06:01:24.675,Cambrian,Info,9420,8.500000e+01,9.200000e+00,4.583339e+01
2021-09-06T06:14:32.352,Cambrian,Info,9440,8.500000e+01,2.760000e+01,5.415533e+01
2021-09-06T06:28:25.981,Cambrian,Info,9460,8.500000e+01,1.780000e+01,6.186841e+01
2021-09-06T06:39:16.852,Cambrian,Info,9480,8.500000e+01,1.600000e+01,3.867816e+01
2021-09-06T06:52:14.950,Cambrian,Info,9500,8.500000e+01,4.300000e+01,4.200000e+01
2021-09-06T07:07:25.490,Cambrian,Info,9520,8.500000e+01,3.640000e+01,4.447246e+01
2021-09-06T07:23:25.319,Cambrian,Info,9540,8.500000e+01,2.380000e+01,5.015177e+01
2021-09-06T07:42:11.194,Cambrian,Info,9560,8.500000e+01,1.720000e+01,3.840182e+01
2021-09-06T07:57:46.390,Cambrian,Info,9580,8.500000e+01,1.620000e+01,3.851883e+01
2021-09-06T08:08:38.820,Cambrian,Info,9600,8.500000e+01,1.660000e+01,3.832493e+01
2021-09-06T08:19:03.776,Cambrian,Info,9620,8.500000e+01,-7.200000e+00,5.423744e+01
2021-09-06T08:29:53.696,Cambrian,Info,9640,8.500000e+01,2.660000e+01,3.779947e+01
2021-09-06T08:43:25.514,Cambrian,Info,9660,8.500000e+01,-8.000000e-01,5.114391e+01
2021-09-06T08:56:34.337,Cambrian,Info,9680,8.500000e+01,1.660000e+01,3.852661e+01
2021-09-06T09:10:02.162,Cambrian,Info,9700,8.500000e+01,1.840000e+01,4.022810e+01
2021-09-06T09:20:31.486,Cambrian,Info,9720,8.500000e+01,-2.600000e+00,5.184882e+01
2021-09-06T09:35:13.727,Cambrian,Info,9740,8.500000e+01,3.200000e+01,4.861070e+01
2021-09-06T09:46:48.888,Cambrian,Info,9760,8.500000e+01,3.220000e+01,4.328626e+01
2021-09-06T09:59:07.682,Cambrian,Info,9780,8.500000e+01,-8.000000e-01,5.054404e+01
2021-09-06T10:09:47.535,Cambrian,Info,9800,8.500000e+01,1.200000e+01,4.121286e+01
2021-09-06T10:24:42.086,Cambrian,Info,9820,8.500000e+01,2.980000e+01,5.172717e+01
2021-09-06T10:43:08.983,Cambrian,Info,9840,8.500000e+01,8.200000e+00,4.617034e+01
2021-09-06T11:01:39.370,Cambrian,Info,9860,8.500000e+01,2.400000e+01,5.413409e+01
2021-09-06T11:19:16.305,Cambrian,Info,9880,8.500000e+01,6.800000e+00,4.606191e+01
2021-09-06T11:32:34.465,Cambrian,Info,9900,8.500000e+01,3.160000e+01,3.146903e+01
2021-09-06T11:43:50.112,Cambrian,Info,9920,8.500000e+01,2.020000e+01,6.081694e+01
2021-09-06T11:57:36.062,Cambrian,Info,9940,8.500000e+01,9.000000e+00,4.250294e+01
2021-09-06T12:15:16.987,Cambrian,Info,9960,8.500000e+01,8.200000e+00,4.511873e+01
2021-09-06T12:32:40.739,Cambrian,Info,9980,8.500000e+01,5.060000e+01,4.712536e+01
2021-09-06T12:46:29.877,Cambrian,Info,10000,8.500000e+01,1.120000e+01,4.296743e+01
2021-09-06T13:02:31.168,Cambrian,Info,10020,8.500000e+01,2.040000e+01,3.654860e+01
2021-09-06T13:19:50.136,Cambrian,Info,10040,8.500000e+01,4.460000e+01,5.548243e+01
2021-09-06T13:37:45.663,Cambrian,Info,10060,8.500000e+01,1.540000e+01,3.902948e+01
2021-09-06T13:54:49.577,Cambrian,Info,10080,8.500000e+01,3.180000e+01,4.877704e+01
2021-09-06T14:09:59.501,Cambrian,Info,10100,8.500000e+01,2.820000e+01,3.770544e+01
2021-09-06T14:22:16.739,Cambrian,Info,10120,8.500000e+01,1.680000e+01,3.813397e+01
2021-09-06T14:35:43.451,Cambrian,Info,10140,8.500000e+01,1.820000e+01,3.779815e+01
2021-09-06T14:49:22.771,Cambrian,Info,10160,8.500000e+01,1.860000e+01,3.736710e+01
2021-09-06T15:05:49.920,Cambrian,Info,10180,8.500000e+01,1.860000e+01,3.715912e+01
2021-09-06T15:24:06.969,Cambrian,Info,10200,8.500000e+01,3.760000e+01,4.388963e+01
2021-09-06T15:50:00.638,Cambrian,Info,10220,8.500000e+01,3.020000e+01,5.040536e+01
2021-09-06T16:10:16.152,Cambrian,Info,10240,8.500000e+01,1.340000e+01,4.089988e+01
2021-09-06T16:30:38.070,Cambrian,Info,10260,8.500000e+01,3.160000e+01,4.485867e+01
2021-09-06T16:48:50.530,Cambrian,Info,10280,8.500000e+01,0.000000e+00,5.300943e+01
2021-09-06T17:11:59.971,Cambrian,Info,10300,8.500000e+01,3.320000e+01,4.778284e+01
2021-09-06T17:32:27.696,Cambrian,Info,10320,8.500000e+01,6.200000e+00,4.635407e+01
